Open,High,Low,Close,Volume,Complete,Timestamp
69457.31,69457.32,69457.31,69457.31,0.00398,True,2026-03-11 11:48:44
69457.32,69457.32,69457.31,69457.31,0.00285,True,2026-03-11 11:48:45
69457.31,69457.32,69457.31,69457.32,0.00534,True,2026-03-11 11:48:46
69457.32,69457.32,69457.31,69457.31,0.00278,True,2026-03-11 11:48:47
69457.32,69457.32,69457.32,69457.32,0.00079,True,2026-03-11 11:48:48
69457.32,69458.24,69457.32,69458.24,0.02887,True,2026-03-11 11:48:49
69458.25,69458.25,69458.24,69458.25,0.02925,True,2026-03-11 11:48:50
69458.25,69458.25,69458.25,69458.25,0.03879,True,2026-03-11 11:48:51
69458.24,69458.25,69458.24,69458.25,0.00489,True,2026-03-11 11:48:52
69458.25,69458.25,69458.25,69458.25,0.0826,True,2026-03-11 11:48:53
69458.25,69458.25,69458.25,69458.25,0.0274,True,2026-03-11 11:48:54
69458.24,69458.25,69458.24,69458.24,0.00251,True,2026-03-11 11:48:55
69458.24,69458.24,69458.24,69458.24,0.00196,True,2026-03-11 11:48:56
69458.24,69458.24,69458.24,69458.24,0.00031,True,2026-03-11 11:48:57
69458.24,69458.25,69458.24,69458.25,0.00035,True,2026-03-11 11:48:58
69458.24,69458.24,69457.31,69457.31,0.17854,True,2026-03-11 11:48:59
69457.31,69457.32,69457.31,69457.31,0.00055,True,2026-03-11 11:49:00
69457.31,69461.35,69457.31,69461.35,0.01504,True,2026-03-11 11:49:01
69461.36,69469.86,69461.35,69469.86,0.12082,True,2026-03-11 11:49:02
69469.85,69469.86,69469.85,69469.86,0.00312,True,2026-03-11 11:49:03
69469.85,69469.85,69469.85,69469.85,0.00012,True,2026-03-11 11:49:04
69469.85,69469.86,69469.85,69469.85,0.00256,True,2026-03-11 11:49:05
69469.86,69469.86,69469.85,69469.85,0.00224,True,2026-03-11 11:49:06
69469.86,69469.86,69469.86,69469.86,8e-05,True,2026-03-11 11:49:07
69469.86,69469.86,69469.85,69469.85,0.00505,True,2026-03-11 11:49:08
69469.85,69469.86,69469.85,69469.85,0.01294,True,2026-03-11 11:49:09
69469.86,69469.86,69469.85,69469.86,0.00602,True,2026-03-11 11:49:10
69469.85,69469.86,69469.85,69469.86,0.00609,True,2026-03-11 11:49:11
69469.85,69469.86,69469.85,69469.85,0.0241,True,2026-03-11 11:49:12
69469.86,69469.86,69469.86,69469.86,0.06758,True,2026-03-11 11:49:13
69469.85,69469.85,69469.85,69469.85,0.00323,True,2026-03-11 11:49:14
69469.86,69469.86,69469.85,69469.85,0.0002,True,2026-03-11 11:49:15
69469.85,69469.86,69469.85,69469.85,0.00434,True,2026-03-11 11:49:16
69469.85,69469.85,69469.85,69469.85,0.0,True,2026-03-11 11:49:17
69469.86,69469.86,69469.86,69469.86,0.01216,True,2026-03-11 11:49:18
69469.86,69469.86,69469.86,69469.86,0.00071,True,2026-03-11 11:49:19
69469.86,69469.86,69469.85,69469.85,0.01295,True,2026-03-11 11:49:20
69469.86,69469.86,69469.85,69469.85,0.01187,True,2026-03-11 11:49:21
69469.85,69469.86,69469.85,69469.86,0.01275,True,2026-03-11 11:49:22
69469.85,69469.85,69455.27,69455.27,1.02288,True,2026-03-11 11:49:23
69455.27,69455.27,69455.27,69455.27,0.0,True,2026-03-11 11:49:24
69455.27,69458.83,69455.26,69458.82,0.02076,True,2026-03-11 11:49:25
69458.82,69458.83,69458.82,69458.83,0.00036,True,2026-03-11 11:49:26
69458.82,69458.82,69458.82,69458.82,0.00479,True,2026-03-11 11:49:27
69458.83,69463.84,69458.83,69463.84,0.01601,True,2026-03-11 11:49:28
69463.88,69463.88,69463.88,69463.88,0.00156,True,2026-03-11 11:49:29
69463.88,69463.88,69460.74,69460.74,0.01756,True,2026-03-11 11:49:30
69460.73,69460.73,69457.33,69457.33,0.03522,True,2026-03-11 11:49:31
69457.32,69457.32,69455.18,69455.18,0.02479,True,2026-03-11 11:49:32
69455.17,69455.18,69455.17,69455.18,0.07302,True,2026-03-11 11:49:33
69455.17,69455.17,69451.2,69451.2,0.5658,True,2026-03-11 11:49:34
69451.0,69451.01,69451.0,69451.0,0.01619,True,2026-03-11 11:49:35
69451.01,69451.01,69451.0,69451.0,0.02206,True,2026-03-11 11:49:36
69451.0,69451.01,69444.77,69444.77,0.27034,True,2026-03-11 11:49:37
69444.77,69444.78,69444.77,69444.77,0.00521,True,2026-03-11 11:49:38
69444.78,69444.78,69444.77,69444.78,0.01461,True,2026-03-11 11:49:39
69444.77,69444.78,69444.77,69444.78,0.01344,True,2026-03-11 11:49:40
69444.78,69444.78,69444.78,69444.78,0.00081,True,2026-03-11 11:49:41
69444.78,69444.78,69444.77,69444.77,0.01221,True,2026-03-11 11:49:42
69444.77,69444.78,69444.77,69444.78,0.00039,True,2026-03-11 11:49:43
69444.77,69444.77,69444.77,69444.77,0.00196,True,2026-03-11 11:49:44
69444.77,69444.77,69444.77,69444.77,0.0003,True,2026-03-11 11:49:45
69444.78,69444.78,69444.77,69444.77,0.01016,True,2026-03-11 11:49:46
69444.77,69444.78,69444.77,69444.78,0.00104,True,2026-03-11 11:49:47
69444.78,69444.78,69444.78,69444.78,0.01,True,2026-03-11 11:49:48
69444.78,69444.78,69444.77,69444.78,0.01274,True,2026-03-11 11:49:49
69444.77,69444.78,69444.77,69444.78,0.00281,True,2026-03-11 11:49:50
69444.77,69444.78,69444.03,69444.03,0.16774,True,2026-03-11 11:49:51
69444.03,69444.03,69444.03,69444.03,0.0,True,2026-03-11 11:49:52
69444.03,69444.03,69444.02,69444.03,0.00671,True,2026-03-11 11:49:53
69444.03,69444.03,69444.03,69444.03,0.00017,True,2026-03-11 11:49:54
69444.02,69444.02,69444.02,69444.02,0.00295,True,2026-03-11 11:49:55
69444.02,69444.02,69444.02,69444.02,0.00213,True,2026-03-11 11:49:56
69444.03,69444.03,69438.18,69438.18,3.3459,True,2026-03-11 11:49:57
69438.18,69447.77,69432.05,69443.56,9.39539,True,2026-03-11 11:49:58
69443.55,69443.55,69431.51,69431.51,0.81546,True,2026-03-11 11:49:59
69431.51,69431.52,69431.51,69431.52,0.0113,True,2026-03-11 11:50:00
69431.51,69431.52,69431.51,69431.51,0.01546,True,2026-03-11 11:50:01
69431.51,69435.19,69431.51,69435.18,0.02836,True,2026-03-11 11:50:02
69435.18,69435.18,69431.11,69431.11,0.06392,True,2026-03-11 11:50:03
69431.12,69431.12,69431.12,69431.12,0.00016,True,2026-03-11 11:50:04
69431.11,69431.12,69421.24,69421.24,0.33238,True,2026-03-11 11:50:05
69421.24,69444.01,69415.09,69441.64,3.06385,True,2026-03-11 11:50:06
69435.18,69441.12,69421.94,69421.94,0.63517,True,2026-03-11 11:50:07
69421.95,69499.1,69421.95,69477.61,9.95596,True,2026-03-11 11:50:08
69476.37,69479.97,69465.07,69470.63,12.04127,True,2026-03-11 11:50:09
69470.63,69470.63,69463.21,69463.21,0.83968,True,2026-03-11 11:50:10
69463.21,69506.0,69463.21,69478.35,6.29176,True,2026-03-11 11:50:11
69478.36,69478.36,69468.03,69468.03,5.23677,True,2026-03-11 11:50:12
69468.03,69468.03,69456.37,69456.38,0.55782,True,2026-03-11 11:50:13
69456.38,69456.38,69439.41,69439.41,0.8951,True,2026-03-11 11:50:14
69439.41,69439.41,69432.82,69432.82,0.37756,True,2026-03-11 11:50:15
69432.83,69432.83,69432.83,69432.83,0.0001,True,2026-03-11 11:50:16
69432.82,69432.83,69432.82,69432.83,0.19831,True,2026-03-11 11:50:17
69432.82,69432.83,69432.82,69432.83,0.01692,True,2026-03-11 11:50:18
69432.83,69437.7,69432.82,69437.7,0.14515,True,2026-03-11 11:50:19
69437.7,69437.7,69437.69,69437.69,0.09303,True,2026-03-11 11:50:20
69437.7,69437.7,69437.69,69437.7,0.00836,True,2026-03-11 11:50:21
69437.69,69437.69,69418.53,69418.53,2.26272,True,2026-03-11 11:50:22
69418.01,69418.01,69418.01,69418.01,0.00033,True,2026-03-11 11:50:23
69418.0,69418.0,69418.0,69418.0,0.00106,True,2026-03-11 11:50:24
69418.0,69418.01,69418.0,69418.01,0.0023,True,2026-03-11 11:50:25
69418.01,69418.01,69409.15,69409.15,0.63742,True,2026-03-11 11:50:26
69409.15,69409.15,69405.7,69405.7,0.15467,True,2026-03-11 11:50:27
69405.7,69405.7,69394.56,69394.57,0.62702,True,2026-03-11 11:50:28
69394.57,69394.57,69387.01,69387.01,0.31431,True,2026-03-11 11:50:29
69387.02,69387.02,69387.01,69387.02,0.15865,True,2026-03-11 11:50:30
69387.02,69400.85,69387.02,69400.85,0.96633,True,2026-03-11 11:50:31
69400.92,69404.28,69400.92,69400.93,0.86464,True,2026-03-11 11:50:32
69400.92,69400.93,69397.06,69397.07,0.29483,True,2026-03-11 11:50:33
69397.06,69397.07,69392.56,69392.56,0.29162,True,2026-03-11 11:50:34
69392.55,69392.56,69390.86,69390.86,0.05644,True,2026-03-11 11:50:35
69390.86,69390.86,69389.49,69389.49,0.03957,True,2026-03-11 11:50:36
69389.49,69389.49,69389.48,69389.48,0.02942,True,2026-03-11 11:50:37
69389.48,69389.49,69389.42,69389.42,0.05774,True,2026-03-11 11:50:38
69389.25,69389.26,69389.25,69389.25,0.00512,True,2026-03-11 11:50:39
69389.25,69389.26,69387.02,69387.02,0.02101,True,2026-03-11 11:50:40
69387.01,69387.01,69384.67,69384.68,1.43766,True,2026-03-11 11:50:41
69384.68,69384.68,69384.68,69384.68,0.36232,True,2026-03-11 11:50:42
69384.68,69384.68,69384.67,69384.68,0.00239,True,2026-03-11 11:50:43
69384.67,69384.68,69384.67,69384.67,0.00137,True,2026-03-11 11:50:44
69384.68,69399.75,69384.68,69399.75,1.15576,True,2026-03-11 11:50:45
69399.75,69401.52,69399.75,69401.51,0.07093,True,2026-03-11 11:50:46
69401.51,69419.39,69400.81,69400.81,2.83967,True,2026-03-11 11:50:47
69400.8,69400.8,69394.88,69394.89,0.69736,True,2026-03-11 11:50:48
69394.88,69394.89,69394.88,69394.89,1.43446,True,2026-03-11 11:50:49
69394.88,69394.89,69394.88,69394.88,0.01493,True,2026-03-11 11:50:50
69394.88,69394.88,69394.88,69394.88,0.0,True,2026-03-11 11:50:51
69394.88,69394.88,69394.88,69394.88,0.0,True,2026-03-11 11:50:52
69394.88,69394.89,69394.88,69394.89,0.081,True,2026-03-11 11:50:53
69394.88,69394.89,69394.88,69394.89,0.00052,True,2026-03-11 11:50:54
69394.88,69394.89,69394.88,69394.89,0.0342,True,2026-03-11 11:50:55
69394.88,69394.88,69387.4,69387.4,0.1426,True,2026-03-11 11:50:56
69387.41,69387.41,69387.4,69387.4,0.03001,True,2026-03-11 11:50:57
69387.41,69387.41,69387.41,69387.41,0.00016,True,2026-03-11 11:50:58
69387.41,69387.41,69387.4,69387.41,0.03316,True,2026-03-11 11:50:59
69387.4,69388.31,69387.4,69388.31,0.56855,True,2026-03-11 11:51:00
69388.31,69391.3,69388.31,69391.3,0.00849,True,2026-03-11 11:51:01
69391.3,69391.3,69391.29,69391.29,0.11191,True,2026-03-11 11:51:02
69390.72,69390.72,69384.67,69384.67,0.03766,True,2026-03-11 11:51:03
69384.68,69384.68,69384.67,69384.67,0.01422,True,2026-03-11 11:51:04
69384.68,69384.68,69371.4,69375.6,6.92581,True,2026-03-11 11:51:05
69375.6,69375.61,69351.29,69353.5,2.43879,True,2026-03-11 11:51:06
69353.51,69353.51,69353.5,69353.51,0.02359,True,2026-03-11 11:51:07
69353.5,69353.5,69310.32,69321.6,12.19448,True,2026-03-11 11:51:08
69321.6,69321.6,69321.59,69321.6,0.08394,True,2026-03-11 11:51:09
69321.59,69321.6,69321.59,69321.6,0.11184,True,2026-03-11 11:51:10
69321.59,69342.39,69309.09,69342.39,3.55435,True,2026-03-11 11:51:11
69342.39,69343.94,69342.39,69343.93,0.01526,True,2026-03-11 11:51:12
69343.94,69345.03,69343.93,69345.03,0.20748,True,2026-03-11 11:51:13
69345.03,69345.03,69345.02,69345.02,0.00695,True,2026-03-11 11:51:14
69345.03,69345.03,69339.07,69339.08,0.20984,True,2026-03-11 11:51:15
69339.07,69339.07,69337.93,69337.94,0.02032,True,2026-03-11 11:51:16
69337.93,69337.93,69337.93,69337.93,0.06133,True,2026-03-11 11:51:17
69337.93,69337.94,69337.93,69337.94,0.21076,True,2026-03-11 11:51:18
69337.94,69337.94,69337.93,69337.94,0.01318,True,2026-03-11 11:51:19
69337.93,69337.94,69324.46,69324.46,1.74641,True,2026-03-11 11:51:20
69324.47,69325.09,69324.47,69325.09,0.04096,True,2026-03-11 11:51:21
69325.09,69325.09,69325.09,69325.09,0.00153,True,2026-03-11 11:51:22
69325.09,69325.09,69325.08,69325.09,0.06552,True,2026-03-11 11:51:23
69325.08,69325.08,69325.08,69325.08,0.00261,True,2026-03-11 11:51:24
69325.09,69325.09,69318.49,69318.49,0.28933,True,2026-03-11 11:51:25
69318.5,69318.5,69307.01,69307.02,0.40654,True,2026-03-11 11:51:26
69307.02,69307.02,69307.01,69307.01,0.00221,True,2026-03-11 11:51:27
69307.01,69307.02,69307.01,69307.02,0.20382,True,2026-03-11 11:51:28
69307.01,69311.26,69307.01,69309.43,2.53755,True,2026-03-11 11:51:29
69309.42,69309.42,69300.0,69306.98,2.48755,True,2026-03-11 11:51:30
69306.98,69326.66,69306.97,69326.65,2.5922,True,2026-03-11 11:51:31
69326.65,69331.87,69326.65,69331.87,0.00493,True,2026-03-11 11:51:32
69331.87,69331.96,69331.87,69331.96,0.18868,True,2026-03-11 11:51:33
69331.96,69331.96,69331.96,69331.96,0.00075,True,2026-03-11 11:51:34
69331.95,69331.96,69331.95,69331.95,0.0026,True,2026-03-11 11:51:35
69331.95,69331.95,69331.86,69331.86,0.04037,True,2026-03-11 11:51:36
69331.86,69342.6,69331.86,69342.6,1.78399,True,2026-03-11 11:51:37
69342.6,69363.19,69342.6,69363.19,0.35136,True,2026-03-11 11:51:38
69363.2,69367.63,69363.2,69367.62,0.01294,True,2026-03-11 11:51:39
69367.62,69367.63,69367.62,69367.62,0.06293,True,2026-03-11 11:51:40
69367.62,69367.62,69354.85,69354.86,0.25001,True,2026-03-11 11:51:41
69354.85,69354.86,69354.85,69354.86,0.00122,True,2026-03-11 11:51:42
69354.86,69354.86,69354.85,69354.85,0.00662,True,2026-03-11 11:51:43
69354.86,69354.86,69354.85,69354.85,0.00024,True,2026-03-11 11:51:44
69354.85,69354.85,69354.85,69354.85,0.00036,True,2026-03-11 11:51:45
69354.85,69354.86,69354.85,69354.86,0.04768,True,2026-03-11 11:51:46
69354.85,69354.86,69354.85,69354.86,0.00058,True,2026-03-11 11:51:47
69354.86,69354.86,69354.86,69354.86,0.0,True,2026-03-11 11:51:48
69354.85,69354.85,69347.68,69347.68,0.81854,True,2026-03-11 11:51:49
69347.67,69347.67,69331.26,69331.26,0.24738,True,2026-03-11 11:51:50
69330.69,69330.69,69330.68,69330.68,0.0013,True,2026-03-11 11:51:51
69330.68,69330.68,69330.68,69330.68,0.0,True,2026-03-11 11:51:52
69330.68,69330.68,69327.12,69327.12,0.11204,True,2026-03-11 11:51:53
69327.12,69327.12,69313.07,69313.07,0.71788,True,2026-03-11 11:51:54
69313.06,69313.07,69313.06,69313.06,0.00597,True,2026-03-11 11:51:55
69313.06,69313.07,69313.06,69313.07,0.00477,True,2026-03-11 11:51:56
69313.06,69313.06,69309.08,69309.09,0.16254,True,2026-03-11 11:51:57
69309.09,69315.83,69309.08,69315.83,0.02358,True,2026-03-11 11:51:58
69315.84,69315.84,69315.84,69315.84,0.00109,True,2026-03-11 11:51:59
69315.84,69328.96,69315.83,69328.96,0.5276,True,2026-03-11 11:52:00
69328.96,69337.44,69328.96,69337.44,0.34665,True,2026-03-11 11:52:01
69337.44,69346.65,69337.44,69346.65,0.35148,True,2026-03-11 11:52:02
69346.65,69346.65,69346.64,69346.64,0.09201,True,2026-03-11 11:52:03
69346.65,69346.65,69346.65,69346.65,0.02146,True,2026-03-11 11:52:04
69346.64,69349.41,69346.64,69349.41,0.31537,True,2026-03-11 11:52:05
69349.42,69354.1,69349.42,69354.1,0.7911,True,2026-03-11 11:52:06
69354.11,69354.11,69354.11,69354.11,0.03918,True,2026-03-11 11:52:07
69354.11,69354.11,69354.11,69354.11,0.00464,True,2026-03-11 11:52:08
69354.1,69354.11,69347.81,69347.81,0.12191,True,2026-03-11 11:52:09
69347.81,69347.82,69347.81,69347.82,0.0004,True,2026-03-11 11:52:10
69347.82,69347.82,69332.06,69332.06,0.43977,True,2026-03-11 11:52:11
69332.06,69332.07,69332.06,69332.07,0.00621,True,2026-03-11 11:52:12
69332.07,69337.55,69332.07,69337.55,0.05934,True,2026-03-11 11:52:13
69337.55,69342.66,69337.55,69342.66,0.01902,True,2026-03-11 11:52:14
69342.67,69342.67,69342.66,69342.66,0.01475,True,2026-03-11 11:52:15
69342.67,69342.67,69342.67,69342.67,0.00029,True,2026-03-11 11:52:16
69342.67,69342.67,69342.67,69342.67,0.00533,True,2026-03-11 11:52:17
69342.66,69348.38,69342.66,69348.38,0.39966,True,2026-03-11 11:52:18
69349.19,69349.19,69349.19,69349.19,0.0006,True,2026-03-11 11:52:19
69349.19,69349.19,69342.33,69342.33,0.09262,True,2026-03-11 11:52:20
69342.33,69342.33,69335.99,69335.99,0.10287,True,2026-03-11 11:52:21
69335.99,69335.99,69335.99,69335.99,0.0,True,2026-03-11 11:52:22
69336.0,69336.0,69336.0,69336.0,0.05826,True,2026-03-11 11:52:23
69336.0,69337.38,69336.0,69337.38,0.03887,True,2026-03-11 11:52:24
69337.39,69338.98,69337.38,69338.98,0.00384,True,2026-03-11 11:52:25
69338.99,69340.86,69338.99,69340.85,0.21313,True,2026-03-11 11:52:26
69340.86,69342.65,69340.86,69342.65,0.05098,True,2026-03-11 11:52:27
69342.66,69344.61,69342.65,69344.61,0.13168,True,2026-03-11 11:52:28
69344.61,69344.61,69344.61,69344.61,0.0,True,2026-03-11 11:52:29
69344.61,69344.62,69340.92,69340.92,0.0697,True,2026-03-11 11:52:30
69340.93,69340.93,69340.93,69340.93,0.00351,True,2026-03-11 11:52:31
69340.92,69340.92,69332.06,69332.06,0.06507,True,2026-03-11 11:52:32
69332.06,69332.06,69330.65,69330.65,0.07615,True,2026-03-11 11:52:33
69330.64,69330.65,69330.64,69330.65,0.0164,True,2026-03-11 11:52:34
69330.64,69330.65,69330.64,69330.65,0.01009,True,2026-03-11 11:52:35
69330.64,69330.65,69330.64,69330.64,0.04719,True,2026-03-11 11:52:36
69330.65,69330.65,69330.65,69330.65,0.00723,True,2026-03-11 11:52:37
69330.65,69330.65,69330.65,69330.65,0.0,True,2026-03-11 11:52:38
69330.65,69330.65,69330.65,69330.65,0.02653,True,2026-03-11 11:52:39
69330.64,69330.64,69330.64,69330.64,0.02104,True,2026-03-11 11:52:40
69330.64,69330.64,69330.64,69330.64,0.00024,True,2026-03-11 11:52:41
69330.65,69331.96,69330.65,69331.96,0.10916,True,2026-03-11 11:52:42
69331.96,69332.07,69331.95,69332.07,0.18602,True,2026-03-11 11:52:43
69332.07,69332.07,69332.07,69332.07,0.01219,True,2026-03-11 11:52:44
69332.07,69332.07,69332.06,69332.07,0.14548,True,2026-03-11 11:52:45
69332.06,69332.07,69332.06,69332.06,0.01708,True,2026-03-11 11:52:46
69332.07,69332.07,69329.38,69329.38,0.26181,True,2026-03-11 11:52:47
69329.38,69329.38,69324.0,69324.0,0.12131,True,2026-03-11 11:52:48
69323.8,69323.8,69321.17,69321.18,0.03847,True,2026-03-11 11:52:49
69321.17,69321.18,69321.17,69321.18,0.07658,True,2026-03-11 11:52:50
69321.18,69321.18,69321.18,69321.18,0.69684,True,2026-03-11 11:52:51
69321.18,69326.31,69321.18,69326.31,0.01826,True,2026-03-11 11:52:52
69326.3,69326.3,69321.19,69321.19,0.0363,True,2026-03-11 11:52:53
69321.18,69321.18,69304.79,69304.79,0.52482,True,2026-03-11 11:52:54
69304.8,69304.8,69304.79,69304.8,0.01124,True,2026-03-11 11:52:55
69304.79,69304.79,69300.23,69300.23,0.17939,True,2026-03-11 11:52:56
69300.24,69300.24,69300.24,69300.24,0.00123,True,2026-03-11 11:52:57
69300.24,69300.24,69300.23,69300.24,0.38912,True,2026-03-11 11:52:58
69300.23,69300.24,69300.01,69300.01,0.03826,True,2026-03-11 11:52:59
69300.0,69300.01,69300.0,69300.0,0.01039,True,2026-03-11 11:53:00
69300.01,69300.01,69300.0,69300.0,0.29153,True,2026-03-11 11:53:01
69300.0,69300.0,69300.0,69300.0,0.003,True,2026-03-11 11:53:02
69300.01,69300.23,69300.01,69300.22,0.05609,True,2026-03-11 11:53:03
69300.22,69300.22,69300.22,69300.22,0.01001,True,2026-03-11 11:53:04
69300.23,69300.23,69300.22,69300.22,1.95529,True,2026-03-11 11:53:05
69300.23,69300.23,69300.22,69300.23,0.79037,True,2026-03-11 11:53:06
69300.23,69300.23,69298.0,69298.01,0.712,True,2026-03-11 11:53:07
69298.01,69298.01,69298.0,69298.0,0.00865,True,2026-03-11 11:53:08
69298.01,69298.01,69298.0,69298.0,0.00665,True,2026-03-11 11:53:09
69298.0,69298.01,69298.0,69298.0,0.01864,True,2026-03-11 11:53:10
69298.01,69299.84,69298.01,69299.84,0.00448,True,2026-03-11 11:53:11
69299.85,69299.85,69299.85,69299.85,0.00259,True,2026-03-11 11:53:12
69299.85,69299.85,69299.85,69299.85,0.0,True,2026-03-11 11:53:13
69299.85,69299.85,69299.85,69299.85,0.00234,True,2026-03-11 11:53:14
69299.85,69299.85,69299.84,69299.84,0.00291,True,2026-03-11 11:53:15
69299.85,69299.85,69299.85,69299.85,0.00099,True,2026-03-11 11:53:16
69299.84,69299.85,69299.84,69299.84,0.02106,True,2026-03-11 11:53:17
69299.85,69299.85,69299.84,69299.84,0.01023,True,2026-03-11 11:53:18
69299.84,69299.84,69290.0,69290.0,0.93967,True,2026-03-11 11:53:19
69290.01,69290.01,69290.0,69290.01,0.01082,True,2026-03-11 11:53:20
69290.0,69290.01,69290.0,69290.01,0.11756,True,2026-03-11 11:53:21
69290.0,69290.01,69290.0,69290.01,0.02829,True,2026-03-11 11:53:22
69290.01,69290.01,69290.0,69290.0,0.01887,True,2026-03-11 11:53:23
69290.0,69290.0,69290.0,69290.0,0.01344,True,2026-03-11 11:53:24
69290.01,69290.01,69290.0,69290.01,0.3045,True,2026-03-11 11:53:25
69290.0,69290.01,69290.0,69290.01,0.00801,True,2026-03-11 11:53:26
69290.0,69290.0,69281.35,69281.51,1.77808,True,2026-03-11 11:53:27
69281.51,69281.51,69281.5,69281.51,0.02836,True,2026-03-11 11:53:28
69281.5,69281.51,69281.5,69281.51,0.12142,True,2026-03-11 11:53:29
69281.51,69281.51,69281.5,69281.51,0.02952,True,2026-03-11 11:53:30
69281.51,69293.77,69281.51,69293.77,0.57678,True,2026-03-11 11:53:31
69293.78,69293.78,69293.77,69293.78,0.69293,True,2026-03-11 11:53:32
69293.78,69293.78,69293.77,69293.78,0.09091,True,2026-03-11 11:53:33
69293.78,69293.78,69293.78,69293.78,0.00476,True,2026-03-11 11:53:34
69293.77,69293.78,69293.77,69293.78,0.00307,True,2026-03-11 11:53:35
69293.77,69293.77,69293.77,69293.77,0.02526,True,2026-03-11 11:53:36
69293.77,69293.77,69287.61,69287.62,0.11048,True,2026-03-11 11:53:37
69287.61,69287.61,69287.61,69287.61,0.00488,True,2026-03-11 11:53:38
69287.61,69287.61,69287.61,69287.61,0.14196,True,2026-03-11 11:53:39
69287.61,69287.62,69287.61,69287.62,0.00767,True,2026-03-11 11:53:40
69287.62,69287.62,69287.62,69287.62,0.00019,True,2026-03-11 11:53:41
69287.62,69293.77,69287.62,69293.77,0.03236,True,2026-03-11 11:53:42
69293.77,69293.77,69293.77,69293.77,0.10802,True,2026-03-11 11:53:43
69293.78,69293.78,69293.77,69293.78,0.03631,True,2026-03-11 11:53:44
69293.78,69293.78,69293.77,69293.78,0.00052,True,2026-03-11 11:53:45
69293.77,69293.78,69293.77,69293.78,0.16747,True,2026-03-11 11:53:46
69293.78,69293.78,69293.78,69293.78,0.0001,True,2026-03-11 11:53:47
69293.78,69298.31,69293.78,69298.31,0.02541,True,2026-03-11 11:53:48
69298.32,69298.32,69298.31,69298.31,0.04693,True,2026-03-11 11:53:49
69298.31,69298.31,69294.54,69294.54,0.01516,True,2026-03-11 11:53:50
69294.53,69294.54,69294.53,69294.54,0.00112,True,2026-03-11 11:53:51
69294.53,69294.53,69294.53,69294.53,0.00666,True,2026-03-11 11:53:52
69294.54,69294.54,69294.54,69294.54,9e-05,True,2026-03-11 11:53:53
69294.54,69294.54,69294.53,69294.53,0.01451,True,2026-03-11 11:53:54
69294.53,69294.54,69294.53,69294.54,0.00044,True,2026-03-11 11:53:55
69294.53,69294.53,69294.53,69294.53,0.00034,True,2026-03-11 11:53:56
69294.53,69294.53,69294.53,69294.53,0.0,True,2026-03-11 11:53:57
69294.54,69304.27,69294.54,69304.27,0.43574,True,2026-03-11 11:53:58
69304.27,69310.31,69304.26,69310.31,0.0272,True,2026-03-11 11:53:59
69310.32,69312.3,69310.32,69312.3,0.02395,True,2026-03-11 11:54:00
69312.29,69312.3,69312.29,69312.3,0.03276,True,2026-03-11 11:54:01
69312.3,69312.3,69312.3,69312.3,0.00048,True,2026-03-11 11:54:02
69312.3,69316.16,69312.3,69316.16,0.11471,True,2026-03-11 11:54:03
69316.15,69316.15,69316.15,69316.15,0.00652,True,2026-03-11 11:54:04
69316.16,69316.16,69310.37,69310.37,0.03002,True,2026-03-11 11:54:05
69310.37,69310.38,69310.37,69310.37,0.00275,True,2026-03-11 11:54:06
69310.37,69310.37,69310.37,69310.37,0.0,True,2026-03-11 11:54:07
69310.38,69310.38,69295.81,69295.81,0.41084,True,2026-03-11 11:54:08
69295.82,69295.82,69295.82,69295.82,0.00475,True,2026-03-11 11:54:09
69295.82,69298.63,69295.81,69298.63,0.005,True,2026-03-11 11:54:10
69298.64,69298.82,69298.64,69298.82,0.04058,True,2026-03-11 11:54:11
69298.81,69299.85,69298.81,69299.85,0.36563,True,2026-03-11 11:54:12
69299.84,69318.32,69299.84,69314.99,1.56188,True,2026-03-11 11:54:13
69314.99,69314.99,69314.98,69314.98,0.00717,True,2026-03-11 11:54:14
69314.98,69314.99,69314.98,69314.98,0.00335,True,2026-03-11 11:54:15
69314.99,69314.99,69314.98,69314.99,0.00071,True,2026-03-11 11:54:16
69314.99,69314.99,69314.99,69314.99,0.00205,True,2026-03-11 11:54:17
69314.99,69314.99,69314.98,69314.99,0.01015,True,2026-03-11 11:54:18
69314.99,69314.99,69314.98,69314.99,0.00707,True,2026-03-11 11:54:19
69314.99,69314.99,69314.98,69314.98,0.00501,True,2026-03-11 11:54:20
69314.99,69314.99,69314.98,69314.98,0.04504,True,2026-03-11 11:54:21
69314.99,69314.99,69314.98,69314.98,0.00452,True,2026-03-11 11:54:22
69314.98,69314.99,69314.98,69314.99,0.00849,True,2026-03-11 11:54:23
69314.99,69314.99,69314.98,69314.98,0.0357,True,2026-03-11 11:54:24
69314.99,69324.22,69314.99,69324.22,0.34783,True,2026-03-11 11:54:25
69324.22,69324.22,69324.22,69324.22,0.00013,True,2026-03-11 11:54:26
69324.22,69324.23,69324.22,69324.23,0.00415,True,2026-03-11 11:54:27
69324.22,69324.22,69324.22,69324.22,0.01539,True,2026-03-11 11:54:28
69324.23,69338.88,69324.23,69338.12,0.99792,True,2026-03-11 11:54:29
69338.12,69338.13,69338.12,69338.12,0.00248,True,2026-03-11 11:54:30
69338.12,69338.13,69338.12,69338.13,0.01138,True,2026-03-11 11:54:31
69338.12,69338.12,69334.21,69334.21,0.22435,True,2026-03-11 11:54:32
69334.2,69334.21,69334.2,69334.21,0.04977,True,2026-03-11 11:54:33
69334.2,69334.2,69333.44,69333.45,0.17943,True,2026-03-11 11:54:34
69333.44,69333.45,69331.77,69331.77,0.22008,True,2026-03-11 11:54:35
69331.76,69331.77,69331.76,69331.77,0.01208,True,2026-03-11 11:54:36
69331.76,69331.76,69319.52,69319.52,0.13131,True,2026-03-11 11:54:37
69319.51,69319.52,69319.51,69319.51,0.02235,True,2026-03-11 11:54:38
69319.51,69319.51,69319.51,69319.51,0.0,True,2026-03-11 11:54:39
69319.52,69319.52,69319.52,69319.52,0.00405,True,2026-03-11 11:54:40
69319.51,69319.52,69319.51,69319.52,0.00458,True,2026-03-11 11:54:41
69319.51,69319.51,69319.51,69319.51,0.00196,True,2026-03-11 11:54:42
69319.51,69319.51,69319.51,69319.51,0.00012,True,2026-03-11 11:54:43
69319.51,69319.52,69319.51,69319.52,0.00408,True,2026-03-11 11:54:44
69319.51,69319.52,69319.51,69319.51,0.00218,True,2026-03-11 11:54:45
69319.51,69319.52,69319.51,69319.52,0.00317,True,2026-03-11 11:54:46
69319.52,69322.99,69319.51,69322.99,0.2504,True,2026-03-11 11:54:47
69322.99,69324.65,69322.99,69324.65,0.05257,True,2026-03-11 11:54:48
69324.64,69324.65,69324.64,69324.65,0.01044,True,2026-03-11 11:54:49
69324.65,69324.65,69324.64,69324.65,0.01449,True,2026-03-11 11:54:50
69324.65,69324.65,69324.64,69324.64,0.01905,True,2026-03-11 11:54:51
69324.65,69324.65,69324.65,69324.65,0.00057,True,2026-03-11 11:54:52
69324.65,69324.65,69324.65,69324.65,0.00034,True,2026-03-11 11:54:53
69324.64,69324.65,69324.64,69324.64,0.00228,True,2026-03-11 11:54:54
69324.65,69324.65,69324.65,69324.65,0.0003,True,2026-03-11 11:54:55
69324.65,69324.65,69324.65,69324.65,0.00022,True,2026-03-11 11:54:56
69324.65,69324.65,69324.65,69324.65,0.0,True,2026-03-11 11:54:57
69324.64,69324.64,69324.64,69324.64,0.00076,True,2026-03-11 11:54:58
69324.64,69324.65,69324.64,69324.65,0.00051,True,2026-03-11 11:54:59
69324.64,69324.64,69324.64,69324.64,0.001,True,2026-03-11 11:55:00
69324.64,69324.64,69324.64,69324.64,0.00196,True,2026-03-11 11:55:01
69324.65,69331.96,69324.65,69331.96,0.10291,True,2026-03-11 11:55:02
69331.96,69331.96,69331.96,69331.96,0.06182,True,2026-03-11 11:55:03
69331.96,69336.94,69331.96,69336.94,0.12739,True,2026-03-11 11:55:04
69336.94,69338.12,69336.93,69338.12,0.16513,True,2026-03-11 11:55:05
69338.11,69338.12,69338.11,69338.12,0.00053,True,2026-03-11 11:55:06
69338.11,69338.11,69329.57,69329.57,0.15333,True,2026-03-11 11:55:07
69329.37,69329.37,69329.37,69329.37,0.00018,True,2026-03-11 11:55:08
69329.38,69329.38,69329.38,69329.38,0.00018,True,2026-03-11 11:55:09
69329.38,69329.38,69329.37,69329.37,0.00209,True,2026-03-11 11:55:10
69329.38,69329.38,69329.37,69329.37,0.02556,True,2026-03-11 11:55:11
69329.38,69329.38,69329.37,69329.37,0.0081,True,2026-03-11 11:55:12
69329.37,69329.38,69329.37,69329.38,0.00239,True,2026-03-11 11:55:13
69329.37,69329.38,69329.37,69329.38,0.00146,True,2026-03-11 11:55:14
69329.37,69329.38,69329.37,69329.38,0.06336,True,2026-03-11 11:55:15
69329.38,69329.38,69329.37,69329.37,0.00239,True,2026-03-11 11:55:16
69329.37,69329.38,69329.37,69329.38,0.10126,True,2026-03-11 11:55:17
69329.37,69329.38,69329.37,69329.37,0.03211,True,2026-03-11 11:55:18
69329.37,69329.38,69329.37,69329.38,0.0157,True,2026-03-11 11:55:19
69329.38,69329.38,69329.37,69329.37,0.00056,True,2026-03-11 11:55:20
69329.37,69329.37,69329.37,69329.37,0.00139,True,2026-03-11 11:55:21
69329.38,69329.38,69329.38,69329.38,0.00045,True,2026-03-11 11:55:22
69329.38,69329.38,69323.43,69323.43,0.54933,True,2026-03-11 11:55:23
69323.43,69323.43,69323.43,69323.43,0.0011,True,2026-03-11 11:55:24
69323.43,69323.43,69323.42,69323.42,0.00264,True,2026-03-11 11:55:25
69323.43,69323.43,69323.42,69323.42,0.00671,True,2026-03-11 11:55:26
69323.42,69323.42,69323.42,69323.42,0.014,True,2026-03-11 11:55:27
69323.43,69323.43,69323.42,69323.42,0.01194,True,2026-03-11 11:55:28
69323.43,69323.43,69323.43,69323.43,0.03242,True,2026-03-11 11:55:29
69323.42,69323.43,69323.42,69323.43,0.00284,True,2026-03-11 11:55:30
69323.42,69323.42,69323.42,69323.42,0.00196,True,2026-03-11 11:55:31
69323.43,69329.37,69323.43,69329.37,0.26957,True,2026-03-11 11:55:32
69329.37,69329.37,69329.37,69329.37,0.03438,True,2026-03-11 11:55:33
69329.37,69329.37,69329.36,69329.36,0.07216,True,2026-03-11 11:55:34
69329.37,69329.37,69329.37,69329.37,0.0003,True,2026-03-11 11:55:35
69329.37,69331.95,69329.37,69331.95,0.02775,True,2026-03-11 11:55:36
69331.96,69331.96,69331.95,69331.95,0.01071,True,2026-03-11 11:55:37
69331.95,69331.95,69329.36,69329.37,0.01597,True,2026-03-11 11:55:38
69329.36,69329.36,69329.36,69329.36,0.014,True,2026-03-11 11:55:39
69329.36,69329.37,69329.36,69329.37,0.01309,True,2026-03-11 11:55:40
69329.37,69329.37,69329.37,69329.37,0.00055,True,2026-03-11 11:55:41
69329.36,69329.37,69328.7,69328.71,0.95079,True,2026-03-11 11:55:42
69328.71,69328.71,69328.7,69328.7,0.01222,True,2026-03-11 11:55:43
69328.71,69328.71,69328.71,69328.71,0.00636,True,2026-03-11 11:55:44
69328.71,69328.71,69328.71,69328.71,0.20442,True,2026-03-11 11:55:45
69328.71,69328.71,69328.71,69328.71,8e-05,True,2026-03-11 11:55:46
69328.7,69330.63,69328.7,69330.63,0.00871,True,2026-03-11 11:55:47
69330.62,69330.63,69330.62,69330.63,0.04516,True,2026-03-11 11:55:48
69330.63,69330.63,69330.63,69330.63,0.00015,True,2026-03-11 11:55:49
69330.62,69330.63,69330.62,69330.62,0.00311,True,2026-03-11 11:55:50
69330.62,69330.62,69330.62,69330.62,0.01235,True,2026-03-11 11:55:51
69330.63,69331.96,69330.63,69331.96,0.13909,True,2026-03-11 11:55:52
69331.95,69331.96,69331.95,69331.96,0.0692,True,2026-03-11 11:55:53
69331.95,69331.96,69331.95,69331.95,0.00331,True,2026-03-11 11:55:54
69331.95,69331.95,69329.0,69329.0,0.01259,True,2026-03-11 11:55:55
69329.0,69329.0,69329.0,69329.0,0.0,True,2026-03-11 11:55:56
69329.0,69329.0,69329.0,69329.0,0.01443,True,2026-03-11 11:55:57
69329.01,69329.01,69329.01,69329.01,0.00015,True,2026-03-11 11:55:58
69329.01,69329.01,69329.01,69329.01,0.00288,True,2026-03-11 11:55:59
69329.0,69329.01,69329.0,69329.01,0.00253,True,2026-03-11 11:56:00
69329.01,69329.01,69329.01,69329.01,0.00021,True,2026-03-11 11:56:01
69329.0,69329.01,69329.0,69329.0,0.34017,True,2026-03-11 11:56:02
69329.0,69329.0,69320.86,69320.86,1.09968,True,2026-03-11 11:56:03
69320.86,69320.86,69310.59,69310.59,0.0549,True,2026-03-11 11:56:04
69310.6,69310.6,69310.59,69310.59,0.00102,True,2026-03-11 11:56:05
69310.6,69310.6,69310.6,69310.6,0.00071,True,2026-03-11 11:56:06
69310.6,69310.6,69310.6,69310.6,0.00015,True,2026-03-11 11:56:07
69310.59,69310.59,69307.12,69307.12,0.08347,True,2026-03-11 11:56:08
69307.11,69307.11,69307.11,69307.11,0.01595,True,2026-03-11 11:56:09
69307.11,69307.11,69307.11,69307.11,0.00724,True,2026-03-11 11:56:10
69307.12,69307.12,69307.11,69307.11,0.00056,True,2026-03-11 11:56:11
69307.11,69307.11,69307.11,69307.11,0.0,True,2026-03-11 11:56:12
69307.12,69307.12,69301.73,69301.73,0.05509,True,2026-03-11 11:56:13
69301.72,69301.72,69301.72,69301.72,0.00173,True,2026-03-11 11:56:14
69301.72,69301.72,69298.22,69298.22,0.0422,True,2026-03-11 11:56:15
69298.23,69299.85,69298.22,69299.85,0.03389,True,2026-03-11 11:56:16
69299.85,69301.71,69299.85,69301.71,0.10406,True,2026-03-11 11:56:17
69301.72,69305.45,69301.72,69305.45,0.04601,True,2026-03-11 11:56:18
69305.45,69305.45,69305.45,69305.45,7e-05,True,2026-03-11 11:56:19
69305.45,69305.45,69305.44,69305.45,0.00069,True,2026-03-11 11:56:20
69305.44,69305.45,69300.72,69300.72,0.15596,True,2026-03-11 11:56:21
69300.58,69300.59,69300.58,69300.58,0.00233,True,2026-03-11 11:56:22
69300.59,69300.59,69300.58,69300.59,0.01459,True,2026-03-11 11:56:23
69300.58,69300.58,69300.58,69300.58,0.0001,True,2026-03-11 11:56:24
69300.59,69300.59,69295.2,69295.2,0.11717,True,2026-03-11 11:56:25
69295.21,69295.21,69295.21,69295.21,0.01601,True,2026-03-11 11:56:26
69295.21,69295.21,69295.21,69295.21,0.00037,True,2026-03-11 11:56:27
69295.21,69295.21,69295.2,69295.2,0.08729,True,2026-03-11 11:56:28
69295.2,69295.2,69288.74,69288.74,1.28048,True,2026-03-11 11:56:29
69288.75,69295.23,69288.75,69295.23,0.67176,True,2026-03-11 11:56:30
69295.24,69295.24,69295.23,69295.24,0.00439,True,2026-03-11 11:56:31
69295.24,69295.24,69295.23,69295.23,0.00095,True,2026-03-11 11:56:32
69295.23,69295.24,69295.23,69295.24,0.07916,True,2026-03-11 11:56:33
69295.24,69295.24,69295.24,69295.24,0.05267,True,2026-03-11 11:56:34
69295.24,69295.24,69295.23,69295.23,0.0002,True,2026-03-11 11:56:35
69295.23,69295.24,69295.23,69295.24,0.01962,True,2026-03-11 11:56:36
69295.24,69295.24,69295.24,69295.24,0.0002,True,2026-03-11 11:56:37
69295.24,69295.24,69295.23,69295.23,0.00442,True,2026-03-11 11:56:38
69295.23,69295.23,69295.23,69295.23,0.00021,True,2026-03-11 11:56:39
69295.24,69295.24,69295.24,69295.24,0.00089,True,2026-03-11 11:56:40
69295.24,69295.24,69295.24,69295.24,0.03023,True,2026-03-11 11:56:41
69295.23,69295.23,69295.23,69295.23,0.01911,True,2026-03-11 11:56:42
69295.23,69295.24,69295.23,69295.24,0.0241,True,2026-03-11 11:56:43
69295.23,69295.23,69295.23,69295.23,0.00661,True,2026-03-11 11:56:44
69295.23,69295.23,69288.64,69288.64,0.09711,True,2026-03-11 11:56:45
69288.65,69288.65,69173.14,69191.82,16.85384,True,2026-03-11 11:56:46
69191.82,69228.73,69191.82,69228.73,4.87656,True,2026-03-11 11:56:47
69229.44,69235.33,69218.7,69234.6,3.1589,True,2026-03-11 11:56:48
69235.33,69238.39,69235.33,69238.39,0.02419,True,2026-03-11 11:56:49
69238.39,69252.12,69238.38,69252.12,1.63332,True,2026-03-11 11:56:50
69252.38,69274.24,69252.37,69274.23,2.28955,True,2026-03-11 11:56:51
69274.24,69275.44,69274.23,69275.44,1.03628,True,2026-03-11 11:56:52
69275.44,69275.44,69275.44,69275.44,0.00844,True,2026-03-11 11:56:53
69275.43,69275.43,69246.26,69246.26,1.47702,True,2026-03-11 11:56:54
69246.26,69246.27,69246.26,69246.27,0.00695,True,2026-03-11 11:56:55
69246.27,69246.27,69246.26,69246.26,0.01314,True,2026-03-11 11:56:56
69246.27,69246.27,69246.26,69246.27,0.01946,True,2026-03-11 11:56:57
69246.26,69254.29,69246.26,69254.29,0.33985,True,2026-03-11 11:56:58
69254.28,69254.29,69254.28,69254.28,0.03169,True,2026-03-11 11:56:59
69254.29,69254.29,69254.29,69254.29,0.03052,True,2026-03-11 11:57:00
69254.29,69254.29,69254.28,69254.29,0.00884,True,2026-03-11 11:57:01
69254.28,69254.29,69254.28,69254.29,0.00373,True,2026-03-11 11:57:02
69254.28,69254.28,69254.28,69254.28,0.00014,True,2026-03-11 11:57:03
69254.28,69254.29,69254.28,69254.29,0.00147,True,2026-03-11 11:57:04
69254.28,69254.29,69254.28,69254.28,0.00846,True,2026-03-11 11:57:05
69254.28,69254.29,69254.28,69254.29,0.00091,True,2026-03-11 11:57:06
69254.28,69254.28,69243.87,69243.88,0.854,True,2026-03-11 11:57:07
69243.88,69254.29,69243.88,69254.29,0.09693,True,2026-03-11 11:57:08
69254.28,69254.29,69254.28,69254.28,0.05187,True,2026-03-11 11:57:09
69254.28,69254.29,69254.28,69254.28,0.03137,True,2026-03-11 11:57:10
69254.29,69254.29,69254.28,69254.28,0.20916,True,2026-03-11 11:57:11
69254.29,69254.29,69254.28,69254.28,0.01758,True,2026-03-11 11:57:12
69254.28,69254.29,69254.28,69254.29,0.07434,True,2026-03-11 11:57:13
69254.28,69254.28,69242.0,69245.54,1.49677,True,2026-03-11 11:57:14
69245.54,69245.55,69241.58,69241.58,0.016,True,2026-03-11 11:57:15
69241.57,69241.57,69241.57,69241.57,0.01444,True,2026-03-11 11:57:16
69241.58,69241.58,69235.36,69235.36,0.55778,True,2026-03-11 11:57:17
69235.36,69235.36,69220.5,69220.5,0.20616,True,2026-03-11 11:57:18
69220.5,69228.21,69220.5,69228.2,0.11154,True,2026-03-11 11:57:19
69228.21,69228.21,69228.2,69228.21,0.00152,True,2026-03-11 11:57:20
69228.2,69228.21,69209.5,69214.36,2.41151,True,2026-03-11 11:57:21
69214.37,69218.09,69214.37,69218.09,0.3209,True,2026-03-11 11:57:22
69218.09,69218.09,69218.09,69218.09,0.00101,True,2026-03-11 11:57:23
69218.09,69223.53,69218.08,69223.53,0.17222,True,2026-03-11 11:57:24
69223.54,69228.73,69223.53,69228.73,0.04611,True,2026-03-11 11:57:25
69228.73,69228.73,69222.83,69222.83,0.15679,True,2026-03-11 11:57:26
69222.83,69222.84,69222.83,69222.84,0.05359,True,2026-03-11 11:57:27
69222.83,69222.83,69209.52,69209.52,0.06019,True,2026-03-11 11:57:28
69209.52,69209.52,69209.51,69209.52,0.00728,True,2026-03-11 11:57:29
69209.52,69209.52,69209.51,69209.51,0.0107,True,2026-03-11 11:57:30
69209.51,69209.52,69209.51,69209.52,0.0859,True,2026-03-11 11:57:31
69209.52,69212.66,69209.52,69212.65,0.04513,True,2026-03-11 11:57:32
69212.65,69212.66,69212.65,69212.66,0.10773,True,2026-03-11 11:57:33
69212.65,69212.66,69212.65,69212.65,0.04813,True,2026-03-11 11:57:34
69212.66,69212.66,69212.65,69212.65,0.0185,True,2026-03-11 11:57:35
69212.65,69212.66,69212.65,69212.66,0.0694,True,2026-03-11 11:57:36
69212.65,69212.66,69212.65,69212.66,0.1492,True,2026-03-11 11:57:37
69212.66,69212.66,69212.66,69212.66,0.10671,True,2026-03-11 11:57:38
69212.65,69215.19,69212.65,69215.19,0.23682,True,2026-03-11 11:57:39
69215.2,69228.29,69215.2,69228.29,0.3946,True,2026-03-11 11:57:40
69228.29,69228.29,69228.29,69228.29,0.00086,True,2026-03-11 11:57:41
69228.29,69228.29,69228.29,69228.29,0.00653,True,2026-03-11 11:57:42
69228.29,69228.29,69228.28,69228.28,0.01103,True,2026-03-11 11:57:43
69228.28,69228.28,69228.26,69228.26,1.24463,True,2026-03-11 11:57:44
69228.04,69228.04,69228.03,69228.03,0.00996,True,2026-03-11 11:57:45
69228.03,69228.19,69228.03,69228.19,0.02397,True,2026-03-11 11:57:46
69228.19,69228.19,69228.19,69228.19,0.03101,True,2026-03-11 11:57:47
69228.19,69228.2,69228.19,69228.2,0.00093,True,2026-03-11 11:57:48
69228.2,69242.57,69228.2,69242.57,3.62641,True,2026-03-11 11:57:49
69242.84,69242.84,69242.83,69242.83,0.08371,True,2026-03-11 11:57:50
69242.84,69244.59,69242.84,69244.59,0.17344,True,2026-03-11 11:57:51
69244.59,69244.59,69244.59,69244.59,0.0,True,2026-03-11 11:57:52
69244.59,69248.44,69244.59,69248.44,0.09431,True,2026-03-11 11:57:53
69248.43,69250.0,69248.43,69250.0,0.08713,True,2026-03-11 11:57:54
69250.0,69250.0,69250.0,69250.0,0.00617,True,2026-03-11 11:57:55
69249.99,69250.0,69249.99,69250.0,0.02101,True,2026-03-11 11:57:56
69249.99,69249.99,69249.99,69249.99,0.00012,True,2026-03-11 11:57:57
69250.0,69250.0,69249.99,69249.99,0.0715,True,2026-03-11 11:57:58
69249.99,69249.99,69249.99,69249.99,0.0067,True,2026-03-11 11:57:59
69250.0,69250.0,69249.99,69250.0,0.03426,True,2026-03-11 11:58:00
69250.0,69250.0,69250.0,69250.0,0.0,True,2026-03-11 11:58:01
69250.0,69250.0,69250.0,69250.0,0.00337,True,2026-03-11 11:58:02
69250.0,69250.0,69250.0,69250.0,0.00057,True,2026-03-11 11:58:03
69249.99,69249.99,69245.45,69245.46,0.16557,True,2026-03-11 11:58:04
69245.45,69245.46,69245.45,69245.46,0.00056,True,2026-03-11 11:58:05
69245.46,69249.98,69245.46,69249.98,0.65581,True,2026-03-11 11:58:06
69249.98,69249.98,69249.97,69249.98,0.01979,True,2026-03-11 11:58:07
69249.98,69249.98,69249.97,69249.98,0.02115,True,2026-03-11 11:58:08
69249.98,69249.98,69249.98,69249.98,0.05862,True,2026-03-11 11:58:09
69249.97,69249.97,69245.46,69245.46,0.14007,True,2026-03-11 11:58:10
69245.46,69245.46,69245.46,69245.46,0.0,True,2026-03-11 11:58:11
69245.45,69245.46,69245.45,69245.46,0.00162,True,2026-03-11 11:58:12
69245.46,69245.46,69245.45,69245.46,0.50484,True,2026-03-11 11:58:13
69245.45,69245.46,69245.45,69245.46,0.03047,True,2026-03-11 11:58:14
69245.46,69245.46,69245.45,69245.46,0.01881,True,2026-03-11 11:58:15
69245.45,69245.46,69245.45,69245.46,0.04658,True,2026-03-11 11:58:16
69245.46,69245.46,69245.45,69245.46,0.00813,True,2026-03-11 11:58:17
69245.46,69245.46,69245.46,69245.46,0.0,True,2026-03-11 11:58:18
69245.46,69245.46,69245.45,69245.45,0.00383,True,2026-03-11 11:58:19
69245.46,69245.46,69245.45,69245.45,0.15257,True,2026-03-11 11:58:20
69245.46,69245.46,69245.46,69245.46,0.1213,True,2026-03-11 11:58:21
69245.46,69245.46,69245.46,69245.46,0.02217,True,2026-03-11 11:58:22
69245.46,69245.46,69245.45,69245.45,0.05177,True,2026-03-11 11:58:23
69245.46,69245.46,69245.46,69245.46,0.00095,True,2026-03-11 11:58:24
69245.45,69245.46,69245.45,69245.45,0.00109,True,2026-03-11 11:58:25
69245.45,69245.45,69242.32,69242.33,1.58949,True,2026-03-11 11:58:26
69242.33,69242.33,69232.0,69232.0,0.16848,True,2026-03-11 11:58:27
69232.0,69232.0,69232.0,69232.0,0.0344,True,2026-03-11 11:58:28
69231.99,69232.0,69231.99,69231.99,0.01482,True,2026-03-11 11:58:29
69232.0,69235.32,69231.99,69235.32,0.02154,True,2026-03-11 11:58:30
69236.15,69236.15,69236.15,69236.15,0.00256,True,2026-03-11 11:58:31
69236.16,69236.16,69236.15,69236.16,0.01559,True,2026-03-11 11:58:32
69236.15,69236.16,69236.15,69236.16,0.05308,True,2026-03-11 11:58:33
69236.15,69236.15,69236.15,69236.15,0.6107,True,2026-03-11 11:58:34
69236.15,69236.16,69236.15,69236.15,0.01794,True,2026-03-11 11:58:35
69236.15,69236.16,69236.15,69236.16,0.0364,True,2026-03-11 11:58:36
69236.15,69236.15,69236.15,69236.15,0.00021,True,2026-03-11 11:58:37
69236.15,69236.16,69236.15,69236.16,0.00029,True,2026-03-11 11:58:38
69236.16,69236.16,69236.16,69236.16,0.00241,True,2026-03-11 11:58:39
69236.16,69236.16,69236.15,69236.15,0.00276,True,2026-03-11 11:58:40
69236.15,69236.15,69230.63,69230.63,0.31483,True,2026-03-11 11:58:41
69230.62,69230.63,69230.62,69230.63,0.00829,True,2026-03-11 11:58:42
69230.63,69230.63,69230.63,69230.63,0.0,True,2026-03-11 11:58:43
69230.63,69230.63,69230.63,69230.63,0.00026,True,2026-03-11 11:58:44
69230.62,69230.63,69230.62,69230.62,0.00085,True,2026-03-11 11:58:45
69230.63,69230.63,69230.62,69230.62,0.01032,True,2026-03-11 11:58:46
69230.63,69230.63,69230.62,69230.62,0.02877,True,2026-03-11 11:58:47
69230.63,69245.17,69230.63,69245.17,0.33533,True,2026-03-11 11:58:48
69244.94,69244.94,69244.93,69244.93,0.07536,True,2026-03-11 11:58:49
69244.94,69244.94,69242.93,69242.93,0.01124,True,2026-03-11 11:58:50
69242.93,69242.94,69242.93,69242.93,0.00176,True,2026-03-11 11:58:51
69242.93,69248.74,69242.93,69248.73,0.11707,True,2026-03-11 11:58:52
69248.73,69248.73,69248.73,69248.73,0.014,True,2026-03-11 11:58:53
69248.74,69248.74,69246.73,69246.73,0.43762,True,2026-03-11 11:58:54
69246.72,69246.72,69245.16,69245.17,0.16586,True,2026-03-11 11:58:55
69245.16,69245.16,69245.16,69245.16,0.00015,True,2026-03-11 11:58:56
69245.16,69245.16,69245.16,69245.16,0.01155,True,2026-03-11 11:58:57
69245.16,69245.16,69237.07,69237.07,0.26565,True,2026-03-11 11:58:58
69237.06,69237.06,69236.37,69236.37,0.00365,True,2026-03-11 11:58:59
69236.36,69236.37,69236.36,69236.37,0.20445,True,2026-03-11 11:59:00
69236.36,69236.37,69232.95,69232.95,0.2596,True,2026-03-11 11:59:01
69232.94,69232.94,69225.46,69225.46,0.42871,True,2026-03-11 11:59:02
69225.47,69225.47,69225.47,69225.47,0.00613,True,2026-03-11 11:59:03
69225.46,69225.47,69225.46,69225.47,0.00474,True,2026-03-11 11:59:04
69225.46,69225.47,69223.65,69223.65,0.01464,True,2026-03-11 11:59:05
69223.65,69223.65,69220.8,69220.8,0.02629,True,2026-03-11 11:59:06
69220.79,69220.79,69214.0,69214.0,0.12146,True,2026-03-11 11:59:07
69213.8,69213.8,69213.79,69213.79,0.00742,True,2026-03-11 11:59:08
69213.79,69213.8,69213.79,69213.8,0.02003,True,2026-03-11 11:59:09
69213.79,69213.8,69213.79,69213.79,0.16925,True,2026-03-11 11:59:10
69213.79,69213.79,69213.79,69213.79,0.00533,True,2026-03-11 11:59:11
69213.79,69213.79,69213.79,69213.79,0.0021,True,2026-03-11 11:59:12
69213.79,69213.79,69213.79,69213.79,0.00124,True,2026-03-11 11:59:13
69213.8,69213.8,69213.79,69213.8,0.00666,True,2026-03-11 11:59:14
69213.8,69213.8,69213.79,69213.79,0.22945,True,2026-03-11 11:59:15
69213.79,69213.8,69213.79,69213.8,0.00263,True,2026-03-11 11:59:16
69213.8,69213.8,69213.79,69213.8,0.00286,True,2026-03-11 11:59:17
69213.79,69213.8,69213.79,69213.8,0.09919,True,2026-03-11 11:59:18
69213.8,69213.8,69213.8,69213.8,0.00011,True,2026-03-11 11:59:19
69213.79,69213.8,69213.79,69213.79,0.00128,True,2026-03-11 11:59:20
69213.79,69213.79,69213.79,69213.79,0.00013,True,2026-03-11 11:59:21
69213.8,69213.81,69213.8,69213.81,0.2721,True,2026-03-11 11:59:22
69213.81,69213.81,69213.81,69213.81,0.00036,True,2026-03-11 11:59:23
69213.81,69218.9,69213.81,69218.9,0.41223,True,2026-03-11 11:59:24
69218.9,69222.25,69218.9,69222.25,0.10096,True,2026-03-11 11:59:25
69222.25,69222.25,69222.25,69222.25,0.00019,True,2026-03-11 11:59:26
69222.24,69222.24,69222.24,69222.24,0.00014,True,2026-03-11 11:59:27
69222.24,69222.24,69212.66,69212.67,0.13639,True,2026-03-11 11:59:28
69212.67,69212.67,69212.66,69212.66,0.00987,True,2026-03-11 11:59:29
69212.67,69212.67,69212.66,69212.66,0.02803,True,2026-03-11 11:59:30
69212.67,69212.67,69212.67,69212.67,0.00053,True,2026-03-11 11:59:31
69212.67,69212.67,69212.66,69212.67,0.02065,True,2026-03-11 11:59:32
69212.67,69212.67,69212.67,69212.67,0.03698,True,2026-03-11 11:59:33
69212.67,69212.67,69212.67,69212.67,0.00025,True,2026-03-11 11:59:34
69212.66,69212.67,69212.66,69212.66,0.00236,True,2026-03-11 11:59:35
69212.66,69212.66,69200.0,69200.0,0.2484,True,2026-03-11 11:59:36
69200.01,69200.01,69200.0,69200.0,0.106,True,2026-03-11 11:59:37
69200.01,69200.01,69200.0,69200.0,0.02523,True,2026-03-11 11:59:38
69200.01,69200.01,69198.01,69198.01,0.07833,True,2026-03-11 11:59:39
69198.0,69198.01,69198.0,69198.01,0.04816,True,2026-03-11 11:59:40
69198.0,69198.01,69198.0,69198.0,0.28346,True,2026-03-11 11:59:41
69198.01,69198.01,69198.0,69198.0,0.01485,True,2026-03-11 11:59:42
69198.01,69198.01,69198.01,69198.01,0.00637,True,2026-03-11 11:59:43
69198.0,69198.01,69198.0,69198.01,0.07597,True,2026-03-11 11:59:44
69198.0,69198.01,69198.0,69198.01,0.00361,True,2026-03-11 11:59:45
69198.01,69198.01,69198.0,69198.0,0.01422,True,2026-03-11 11:59:46
69198.0,69198.0,69198.0,69198.0,0.00186,True,2026-03-11 11:59:47
69198.0,69198.01,69198.0,69198.01,0.17723,True,2026-03-11 11:59:48
69198.01,69198.01,69198.01,69198.01,0.00075,True,2026-03-11 11:59:49
69198.01,69198.01,69150.28,69161.85,14.31792,True,2026-03-11 11:59:50
69162.2,69167.73,69161.95,69161.96,1.22486,True,2026-03-11 11:59:51
69161.95,69163.62,69156.92,69163.62,0.93325,True,2026-03-11 11:59:52
69163.62,69163.62,69163.61,69163.61,0.01436,True,2026-03-11 11:59:53
69163.62,69163.62,69163.61,69163.62,0.17549,True,2026-03-11 11:59:54
69163.61,69168.78,69163.61,69168.78,0.14145,True,2026-03-11 11:59:55
69168.77,69189.62,69168.77,69189.62,2.08838,True,2026-03-11 11:59:56
69189.62,69189.62,69159.04,69177.74,3.16804,True,2026-03-11 11:59:57
69177.73,69177.73,69173.0,69173.0,0.01032,True,2026-03-11 11:59:58
69173.0,69173.0,69173.0,69173.0,0.00092,True,2026-03-11 11:59:59
69172.99,69173.0,69168.89,69168.89,1.22576,True,2026-03-11 12:00:00
69168.9,69168.9,69168.9,69168.9,0.00521,True,2026-03-11 12:00:01
69168.9,69168.9,69145.8,69152.21,5.10546,True,2026-03-11 12:00:02
69152.21,69162.21,69152.21,69162.21,0.88573,True,2026-03-11 12:00:03
69162.21,69162.21,69162.21,69162.21,0.00263,True,2026-03-11 12:00:04
69162.2,69162.21,69162.2,69162.2,0.0179,True,2026-03-11 12:00:05
69162.2,69162.2,69162.2,69162.2,0.03382,True,2026-03-11 12:00:06
69162.21,69162.21,69162.2,69162.21,0.15662,True,2026-03-11 12:00:07
69162.2,69162.21,69162.2,69162.21,0.10459,True,2026-03-11 12:00:08
69162.2,69184.64,69162.2,69184.63,0.99068,True,2026-03-11 12:00:09
69184.63,69194.32,69184.63,69194.31,0.09521,True,2026-03-11 12:00:10
69194.31,69194.32,69194.31,69194.32,1.49245,True,2026-03-11 12:00:11
69194.31,69198.67,69194.31,69198.67,0.06923,True,2026-03-11 12:00:12
69198.68,69198.68,69198.67,69198.68,0.08815,True,2026-03-11 12:00:13
69198.68,69199.31,69198.68,69199.31,0.06975,True,2026-03-11 12:00:14
69199.32,69208.85,69199.32,69208.85,0.14569,True,2026-03-11 12:00:15
69208.85,69208.86,69208.85,69208.86,0.01726,True,2026-03-11 12:00:16
69208.86,69208.86,69208.85,69208.85,0.00216,True,2026-03-11 12:00:17
69208.85,69208.86,69198.29,69198.29,0.08768,True,2026-03-11 12:00:18
69198.29,69198.29,69198.28,69198.28,0.00081,True,2026-03-11 12:00:19
69198.28,69198.28,69187.27,69187.27,0.07157,True,2026-03-11 12:00:20
69187.28,69193.45,69187.28,69193.44,0.67044,True,2026-03-11 12:00:21
69193.45,69193.45,69193.45,69193.45,0.00174,True,2026-03-11 12:00:22
69193.45,69203.02,69193.45,69203.02,0.7477,True,2026-03-11 12:00:23
69203.02,69203.02,69203.01,69203.01,0.10813,True,2026-03-11 12:00:24
69203.02,69203.02,69203.02,69203.02,0.00087,True,2026-03-11 12:00:25
69203.01,69203.01,69176.97,69176.98,0.20588,True,2026-03-11 12:00:26
69176.98,69176.98,69176.98,69176.98,0.06735,True,2026-03-11 12:00:27
69176.98,69176.98,69176.97,69176.97,0.0023,True,2026-03-11 12:00:28
69176.98,69182.68,69176.98,69182.68,0.67404,True,2026-03-11 12:00:29
69182.68,69182.68,69182.67,69182.67,0.00156,True,2026-03-11 12:00:30
69182.67,69182.67,69182.67,69182.67,0.0,True,2026-03-11 12:00:31
69182.67,69182.68,69182.67,69182.68,0.18558,True,2026-03-11 12:00:32
