Open,High,Low,Close,Volume,Complete,Timestamp,hl_range,oc_change,returns,sma_5,ema_5,sma_10,ema_10,sma_20,ema_20,sma_50,ema_50,sma_100,ema_100,vol_5,rsi_5,vol_mean_5,vol_std_5,vol_10,rsi_10,vol_mean_10,vol_std_10,vol_20,rsi_20,vol_mean_20,vol_std_20,bb_upper_20,bb_lower_20,Close_lag_1,Volume_lag_1,returns_lag_1,Close_lag_2,Volume_lag_2,returns_lag_2,Close_lag_3,Volume_lag_3,returns_lag_3,Close_lag_4,Volume_lag_4,returns_lag_4,Close_lag_5,Volume_lag_5,returns_lag_5
70274.05,70274.05,70158.9,70170.0,10.63905,True,2026-03-10 13:54:00,115.15000000000873,-104.05000000000291,-0.0014807739868736292,70217.948,70202.14353909466,70195.20857142858,70181.14784165489,70195.20857142858,70155.45869036224,70195.20857142858,70131.18991204262,70195.20857142858,70121.08298622759,48.521186815645436,50.44216996723636,18.682408,6.936851923240829,57.880518722785745,57.48998930534448,18.976141428571427,6.400180832626082,57.880518722785745,57.48998930534448,18.976141428571427,6.400180832626082,70310.96960887415,70079.44753398301,70274.06,12.1917,0.0010736667593083116,70198.69,20.98663,-0.0009515331481786404,70265.55,26.46478,0.0011984650072724978,70181.44,23.12988,0.00020650747966111105,70166.95,14.62204,0.0008155781997287725
70170.01,70183.96,70084.38,70141.8,20.98265,True,2026-03-10 13:55:00,99.58000000000175,-28.20999999999185,-0.00040188114578876277,70210.02,70182.0290260631,70188.5325,70173.99368862672,70188.5325,70154.1578627087,70188.5325,70131.60599392331,70188.5325,70121.49322412407,58.2422531329197,44.47295036252086,18.252962000000004,6.653357144199459,56.8165503428086,53.72208148371948,19.226955,5.967731145899825,56.8165503428086,53.72208148371948,19.226955,5.967731145899825,70302.16560068562,70074.89939931438,70170.0,10.63905,-0.0014807739868736292,70274.06,12.1917,0.0010736667593083116,70198.69,20.98663,-0.0009515331481786404,70265.55,26.46478,0.0011984650072724978,70181.44,23.12988,0.00020650747966111105
70141.79,70145.88,70078.63,70110.83,13.10019,True,2026-03-10 13:56:00,67.25,-30.95999999999185,-0.00044153414939451796,70179.076,70158.2960173754,70179.89888888889,70162.50938160368,70179.89888888889,70150.03139959359,70179.89888888889,70130.79124906356,70179.89888888889,70121.28207117112,62.321865585044876,24.674261769134205,15.580044000000001,5.0115690257223795,59.12240278533041,50.11490764027379,18.546203333333334,5.944147847761696,59.12240278533041,50.11490764027379,18.546203333333334,5.944147847761696,70298.14369445955,70061.65408331822,70141.8,20.98265,-0.00040188114578876277,70170.0,10.63905,-0.0014807739868736292,70274.06,12.1917,0.0010736667593083116,70198.69,20.98663,-0.0009515331481786404,70265.55,26.46478,0.0011984650072724978
70110.83,70110.83,69927.89,69929.79,36.1941,True,2026-03-10 13:57:00,182.94000000000233,-181.04000000000815,-0.0025821973580972823,70125.296,70082.12734491694,70154.888,70120.19676676665,70154.888,70129.05602820372,70154.888,70122.90884713951,70154.888,70117.49014896971,125.33297503052819,17.960632923457112,18.621537999999997,10.60563529725919,96.76011503828425,35.98897677025512,20.310993,7.908972262001695,96.76011503828425,35.98897677025512,20.310993,7.908972262001695,70348.40823007657,69961.36776992344,70110.83,13.10019,-0.00044153414939451796,70141.8,20.98265,-0.00040188114578876277,70170.0,10.63905,-0.0014807739868736292,70274.06,12.1917,0.0010736667593083116,70198.69,20.98663,-0.0009515331481786404
69929.79,70005.46,69872.68,69921.41,38.97522,True,2026-03-10 13:58:00,132.7800000000134,-8.379999999990105,-0.00011983447969732275,70054.76599999999,70028.5548966113,70136.052,70084.05371826362,70133.66272727273,70109.28021599384,70133.66272727273,70115.00693156541,70133.66272727273,70113.60737374259,119.79126357963763,0.0,23.978242,13.032422700391132,121.65117360716025,35.525466449451045,21.728624,9.838031500011914,115.68017160178094,35.525466449451045,22.00774090909091,9.378973619434543,70365.0230704763,69902.30238406917,69929.79,36.1941,-0.0025821973580972823,70110.83,13.10019,-0.00044153414939451796,70141.8,20.98265,-0.00040188114578876277,70170.0,10.63905,-0.0014807739868736292,70274.06,12.1917,0.0010736667593083116
69921.41,69942.0,69893.64,69921.12,12.75162,True,2026-03-10 13:59:00,48.36000000000058,-0.2900000000081491,-4.147513615770926e-06,70004.98999999999,69992.74326440753,70111.46900000001,70054.42940585205,70115.95083333334,70091.36019542301,70115.95083333334,70107.40352248441,70115.95083333334,70109.79574257937,111.34845643298574,0.0,24.400756,12.515855680732741,138.39914566611546,29.299223605099613,21.541582,10.00452670725918,126.2137068235883,35.5096397572771,21.2363975,9.33316465848937,70368.37824698052,69863.52341968616,69921.41,38.97522,-0.00011983447969732275,69929.79,36.1941,-0.0025821973580972823,70110.83,13.10019,-0.00044153414939451796,70141.8,20.98265,-0.00040188114578876277,70170.0,10.63905,-0.0014807739868736292
69921.12,69958.78,69900.0,69909.65,30.04784,True,2026-03-10 14:00:00,58.779999999998836,-11.470000000001164,-0.00016404199475061887,69958.56,69965.04550960503,70084.29,70028.1058775153,70100.08153846154,70074.05446252559,70100.08153846154,70099.64848238698,70100.08153846154,70105.8324605481,85.42237704495491,0.0,26.213794,12.553457181313842,149.38276681806911,26.996191282267617,22.233378000000002,10.359445015679384,133.702120018476,34.89477974698754,21.91420076923077,9.263983495077825,70367.48577849849,69832.67729842459,69921.12,12.75162,-4.147513615770926e-06,69921.41,38.97522,-0.00011983447969732275,69929.79,36.1941,-0.0025821973580972823,70110.83,13.10019,-0.00044153414939451796,70141.8,20.98265,-0.00040188114578876277
69909.64,69909.65,69610.9,69630.0,79.81761,True,2026-03-10 14:01:00,298.75,-279.6399999999994,-0.0040001630676165245,69862.394,69853.36367307002,70020.73500000002,69955.72299069434,70066.50428571428,70031.76356133267,70066.50428571428,70081.23089484239,70066.50428571428,70096.41003558674,130.10952397889275,0.0,39.557278000000004,24.705853569620302,192.63342719326002,9.58552188123923,27.568661,21.027097529244628,179.6808471756419,24.536393261646808,26.05015857142857,17.852333236278998,70425.86598006557,69707.142591363,69909.65,30.04784,-0.00016404199475061887,69921.12,12.75162,-4.147513615770926e-06,69921.41,38.97522,-0.00011983447969732275,69929.79,36.1941,-0.0025821973580972823,70110.83,13.10019,-0.00044153414939451796
69630.01,69946.71,69606.34,69911.11,67.36746,True,2026-03-10 14:02:00,340.3700000000099,281.1000000000058,0.0040371966106562684,69858.658,69872.61244871335,69991.977,69947.61153784083,70056.14466666666,70020.27274596765,70056.14466666666,70074.5594872015,70056.14466666666,70092.74072795136,127.94060368004568,48.39215011189592,45.79195,27.42834475633556,184.4054013459321,35.628760469346375,32.206744,24.277910868267426,177.73279450048105,41.87936362595838,28.804645333333333,20.24225930227188,70411.61025566762,69700.6790776657,69630.0,79.81761,-0.0040001630676165245,69909.65,30.04784,-0.00016404199475061887,69921.12,12.75162,-4.147513615770926e-06,69921.41,38.97522,-0.00011983447969732275,69929.79,36.1941,-0.0025821973580972823
69911.12,69923.62,69798.36,69834.47,19.51421,True,2026-03-10 14:03:00,125.25999999999476,-76.64999999999418,-0.0010962492227629683,69841.27,69859.89829914224,69948.01800000001,69927.0403491425,70042.29,70002.57724635169,70042.29,70065.14421319362,70042.29,70087.62645611074,123.09622800888299,43.303653952800396,41.899748,29.906362257303552,160.54139921596803,28.06021101805743,32.938995,23.710965871176917,180.42794990428735,39.410072163837896,28.223993125,19.693322963441094,70403.14589980857,69681.43410019141,69911.11,67.36746,0.0040371966106562684,69630.0,79.81761,-0.0040001630676165245,69909.65,30.04784,-0.00016404199475061887,69921.12,12.75162,-4.147513615770926e-06,69921.41,38.97522,-0.00011983447969732275
69834.48,70054.57,69818.72,70008.0,36.82286,True,2026-03-10 14:04:00,235.85000000000582,173.52000000000407,0.0024848760218270094,69858.646,69909.26553276149,69931.818,69941.76028566204,70040.27294117646,70003.0936990801,70040.27294117646,70062.90326365663,70040.27294117646,70086.04969460359,141.883727854938,55.2821011673155,46.713995999999995,25.679946070294434,142.85163234006362,42.43895153461279,35.557376,22.38334398763866,174.89645432242543,46.546306037261864,28.72980882352941,19.18168985291536,70390.06584982132,69690.4800325316,69834.47,19.51421,-0.0010962492227629683,69911.11,67.36746,0.0040371966106562684,69630.0,79.81761,-0.0040001630676165245,69909.65,30.04784,-0.00016404199475061887,69921.12,12.75162,-4.147513615770926e-06
70008.01,70150.1,69997.77,69997.77,41.34013,True,2026-03-10 14:05:00,152.33000000000175,-10.239999999990687,-0.0001461261570105954,69876.26999999999,69938.767021841,69917.41500000001,69951.94387008713,70037.91166666667,70002.58668012009,70037.91166666667,70060.34901802303,70037.91166666667,70084.30158183916,154.69730233592657,55.36558039846139,48.972454,24.307679023169417,125.53975096446804,43.16298145845007,37.593124,21.829393281320485,169.9699722009668,46.22534679626306,29.430382222222224,18.844848499419914,70377.8516110686,69697.97172226473,70008.0,36.82286,0.0024848760218270094,69834.47,19.51421,-0.0010962492227629683,69911.11,67.36746,0.0040371966106562684,69630.0,79.81761,-0.0040001630676165245,69909.65,30.04784,-0.00016404199475061887
69997.77,70013.16,69867.25,69948.07,32.8534,True,2026-03-10 14:06:00,145.9100000000035,-49.69999999999709,-0.0007100226192919834,69939.884,69941.86801456068,69901.139,69951.23953007128,70033.18315789473,69997.39461534676,70033.18315789473,70055.94591927703,70033.18315789473,70081.60392675323,70.70651228853004,76.89991711912953,39.579612,17.540851511396774,106.83494366440182,42.408865340845686,39.568445000000004,20.199680790691414,166.46206818679892,44.72699050401757,29.61054105263158,18.33072969125764,70366.10729426832,69700.25902152114,69997.77,41.34013,-0.0001461261570105954,70008.0,36.82286,0.0024848760218270094,69834.47,19.51421,-0.0010962492227629683,69911.11,67.36746,0.0040371966106562684,69630.0,79.81761,-0.0040001630676165245
69948.07,69948.07,69700.01,69707.65,40.38669,True,2026-03-10 14:07:00,248.06000000001222,-240.4200000000128,-0.0034371212815451635,69899.19200000001,69863.79534304046,69878.925,69906.95052460377,70016.9065,69969.79989007564,70016.9065,70042.28725577597,70016.9065,70074.19889850069,127.30194114785708,31.5211073167183,34.183458,8.854665090333485,122.20467441959195,40.183132700500266,39.987704,20.165342865704126,177.6226644581358,38.66437390765038,30.149348500000002,18.003801988937102,70372.15182891626,69661.66117108373,69948.07,32.8534,-0.0007100226192919834,69997.77,41.34013,-0.0001461261570105954,70008.0,36.82286,0.0024848760218270094,69834.47,19.51421,-0.0010962492227629683,69911.11,67.36746,0.0040371966106562684
69707.5,69731.03,69632.15,69659.41,26.05397,True,2026-03-10 14:08:00,98.88000000000466,-48.08999999999651,-0.0006920330838866562,69864.18000000001,69795.66689536031,69852.725,69861.94315649399,69994.3885,69940.23894816366,69999.88285714286,70027.27246143181,69999.88285714286,70065.98525694621,167.33230889465594,33.23565463878043,35.49141,6.2443658912054865,139.01370917606434,38.81565466839695,38.695579,20.64568134878169,193.10282494798136,37.64064678309923,30.2121015,17.986350101083314,70380.59414989596,69608.18285010404,69707.65,40.38669,-0.0034371212815451635,69948.07,32.8534,-0.0007100226192919834,69997.77,41.34013,-0.0001461261570105954,70008.0,36.82286,0.0024848760218270094,69834.47,19.51421,-0.0010962492227629683
69659.41,69664.46,69486.66,69624.51,91.40726,True,2026-03-10 14:09:00,177.8000000000029,-34.90000000000873,-0.0005010091242519943,69787.48199999999,69738.61459690687,69823.064,69818.7734916769,69967.2665,69910.16952452903,69982.82045454545,70011.47785510116,69982.82045454545,70057.24317265024,172.73173339032599,0.0,46.40829,25.90794568747685,153.66983476126714,37.70161457512705,46.561143,24.319536636827625,205.29899823568255,34.92937554871473,34.0513625,22.187794078062947,70377.86449647136,69556.66850352864,69659.41,26.05397,-0.0006920330838866562,69707.65,40.38669,-0.0034371212815451635,69948.07,32.8534,-0.0007100226192919834,69997.77,41.34013,-0.0001461261570105954,70008.0,36.82286,0.0024848760218270094
69624.51,69664.0,69566.31,69566.32,31.75921,True,2026-03-10 14:10:00,97.69000000000233,-58.189999999987776,-0.0008357688980502598,69701.19200000001,69681.18306460459,69788.731,69772.87285682655,69936.5105,69877.42195076436,69964.71173913043,69994.02068431287,69964.71173913043,70047.52192170666,147.31494635656063,0.0,44.492106,26.7181450162269,169.6933706195456,36.29541517311888,46.73228,24.19612899689397,217.25259030554577,33.315250412290595,34.482828999999995,22.047696897543435,70371.01568061109,69502.00531938892,69624.51,91.40726,-0.0005010091242519943,69659.41,26.05397,-0.0006920330838866562,69707.65,40.38669,-0.0034371212815451635,69948.07,32.8534,-0.0007100226192919834,69997.77,41.34013,-0.0001461261570105954
69566.31,69585.52,69421.41,69504.2,181.73897,True,2026-03-10 14:11:00,164.11000000000058,-62.11000000000058,-0.0008929608465707561,69612.418,69622.1887097364,69776.151,69724.02324649444,69898.443,69841.87700307251,69945.52375000001,69974.81203002608,69945.52375000001,70036.76307177187,79.46659593846213,0.0,74.26921999999999,65.42800757715995,186.5899711161129,43.923175020288156,56.924415999999994,48.719657049321185,223.1848132708238,29.099523984692638,42.2465385,39.503827982181974,70344.81262654165,69452.07337345835,69566.32,31.75921,-0.0008357688980502598,69624.51,91.40726,-0.0005010091242519943,69659.41,26.05397,-0.0006920330838866562,69707.65,40.38669,-0.0034371212815451635,69948.07,32.8534,-0.0007100226192919834
69504.02,69625.65,69475.7,69581.69,27.8169,True,2026-03-10 14:12:00,149.9499999999971,77.66999999999825,0.0011148966537275484,69587.226,69608.68913982427,69743.209,69698.14447440454,69867.59300000001,69817.09728849419,69930.9704,69959.39547982898,69930.9704,70027.75172381599,59.07971589344465,27.582401936358153,71.755262,67.2708870391202,189.17709254382495,30.19026772183895,52.96936000000001,49.378594650701075,222.13882674673695,33.16048034934498,42.588052,39.33954365726098,70311.87065349348,69423.31534650654,69504.2,181.73897,-0.0008929608465707561,69566.32,31.75921,-0.0008357688980502598,69624.51,91.40726,-0.0005010091242519943,69659.41,26.05397,-0.0006920330838866562,69707.65,40.38669,-0.0034371212815451635
69581.69,69581.69,69487.93,69504.12,23.21227,True,2026-03-10 14:13:00,93.76000000000931,-77.57000000000698,-0.0011148047711978526,69556.16799999999,69573.83275988285,69710.174,69662.86729724008,69829.09599999999,69787.28992768521,69914.55307692307,69941.54153944353,69914.55307692307,70017.38277878994,52.04500907920153,24.97502175524562,71.18692200000001,67.76372167720918,200.00378291978802,30.15653720011052,53.339166,49.11333861145784,214.57722546537366,29.011558172500344,43.1390805,38.966790363291,70258.25045093073,69399.94154906925,69581.69,27.8169,0.0011148966537275484,69504.2,181.73897,-0.0008929608465707561,69566.32,31.75921,-0.0008357688980502598,69624.51,91.40726,-0.0005010091242519943,69659.41,26.05397,-0.0006920330838866562
69504.12,69525.09,69482.0,69482.0,16.96554,True,2026-03-10 14:14:00,43.08999999999651,-22.119999999995343,-0.0003182545149841287,69527.666,69543.2218399219,69657.574,69629.98233410552,69794.696,69758.2146964771,69898.53259259259,69923.52030260261,69898.53259259259,70006.78113960598,43.5980937663332,26.047934384350356,56.298578000000006,70.339302960772,181.26379384754802,11.379188816118543,51.35343400000001,50.243740632615065,212.18378628467835,30.368210197116966,43.455405,38.71393417657462,70219.06357256936,69370.32842743064,69504.12,23.21227,-0.0011148047711978526,69581.69,27.8169,0.0011148966537275484,69504.2,181.73897,-0.0008929608465707561,69566.32,31.75921,-0.0008357688980502598,69624.51,91.40726,-0.0005010091242519943
69482.0,69515.79,69349.0,69357.25,55.93062,True,2026-03-10 14:15:00,166.7899999999936,-124.75,-0.0017954290319794897,69485.852,69481.2312266146,69593.522,69580.39463699542,69755.4685,69720.02758252689,69879.20107142857,69901.31362406918,69879.20107142857,69993.9191368415,81.25362065817588,21.28553770086569,61.13286000000001,69.04993403871178,159.56317667657675,9.741043368950827,52.812483,50.13237741736662,217.1004018342101,28.782297802370238,45.2028035,38.433910144411364,70189.66930366843,69321.26769633158,69482.0,16.96554,-0.0003182545149841287,69504.12,23.21227,-0.0011148047711978526,69581.69,27.8169,0.0011148966537275484,69504.2,181.73897,-0.0008929608465707561,69566.32,31.75921,-0.0008357688980502598
69357.25,69376.0,69266.06,69337.38,79.98226,True,2026-03-10 14:16:00,109.94000000000233,-19.869999999995343,-0.0002864877139735489,69452.488,69433.28081774307,69532.45300000001,69536.2101575417,69716.796,69683.58495561958,69860.5175862069,69879.19857998803,69860.5175862069,69980.91836185454,103.13838601639122,24.08017402113255,40.781518,26.50544315808013,120.9930569220607,10.120548016770144,57.525369,50.2626614597915,219.34400500246815,28.9561465084264,48.546907,38.40334125219329,70155.48401000493,69278.10798999507,69357.25,55.93062,-0.0017954290319794897,69482.0,16.96554,-0.0003182545149841287,69504.12,23.21227,-0.0011148047711978526,69581.69,27.8169,0.0011148966537275484,69504.2,181.73897,-0.0008929608465707561
69337.39,69541.72,69334.93,69525.16,46.30521,True,2026-03-10 14:17:00,206.79000000000815,187.77000000000407,0.002708207319053635,69441.182,69463.90721182871,69514.204,69534.20103798866,69696.5645,69668.49686460818,69849.33899999999,69865.31471410615,69849.33899999999,69971.893443798,87.31987356877744,43.45853873035718,44.47918,25.51578139171221,104.23414744384978,37.20320323128122,58.11722100000001,50.072914607284545,217.31564463930454,39.031147496543944,49.052462500000004,38.29857590090124,70131.1957892786,69261.93321072138,69337.38,79.98226,-0.0002864877139735489,69357.25,55.93062,-0.0017954290319794897,69482.0,16.96554,-0.0003182545149841287,69504.12,23.21227,-0.0011148047711978526,69581.69,27.8169,0.0011148966537275484
69525.15,69606.06,69442.0,69566.79,36.70915,True,2026-03-10 14:18:00,164.05999999999767,41.63999999999942,0.0005987760402133002,69453.716,69498.20147455248,69504.942,69540.12630380891,69678.8335,69658.81049655026,69840.22451612903,69853.60786257258,69840.22451612903,69963.87159342576,101.89420165085788,57.9098826202198,47.178556,23.323159902897533,93.45556041962683,43.444409841170256,59.182739000000005,49.42398332409579,212.41640503785635,40.557064493795316,48.939159000000004,38.33329403377103,70103.6663100757,69254.00068992429,69525.16,46.30521,0.002708207319053635,69337.38,79.98226,-0.0002864877139735489,69357.25,55.93062,-0.0017954290319794897,69482.0,16.96554,-0.0003182545149841287,69504.12,23.21227,-0.0011148047711978526
69566.79,69650.0,69566.79,69594.39,32.1718,True,2026-03-10 14:19:00,83.2100000000064,27.60000000000582,0.0003967410311731534,69476.19399999999,69530.26431636832,69501.93,69549.9924303891,69662.497,69652.67521116452,69832.5421875,69843.4424561972,69832.5421875,69956.55512622921,120.40826437609577,63.991733685232944,50.219808,18.986899908978494,89.57876273619173,47.84586337109542,53.259193,48.676777772049704,205.24493524361037,41.42445446480604,49.910168,37.60748552133297,70072.98687048722,69252.00712951279,69566.79,36.70915,0.0005987760402133002,69525.16,46.30521,0.002708207319053635,69337.38,79.98226,-0.0002864877139735489,69357.25,55.93062,-0.0017954290319794897,69482.0,16.96554,-0.0003182545149841287
69594.4,69676.3,69570.92,69628.59,30.96574,True,2026-03-10 14:20:00,105.38000000000466,34.19000000000233,0.0004914189204043851,69530.462,69563.03954424555,69508.157,69564.28289759108,69648.44399999999,69650.3813815298,69826.36181818182,69835.01686967966,69826.36181818182,69950.06076729398,114.39447875688545,93.61257554326984,45.226832,20.343710248997528,96.45270620598146,54.61170441248271,53.179846,48.71634914553206,196.88355207556208,42.71011650948781,49.956063,37.58252220406043,70042.21110415111,69254.67689584887,69594.39,32.1718,0.0003967410311731534,69566.79,36.70915,0.0005987760402133002,69525.16,46.30521,0.002708207319053635,69337.38,79.98226,-0.0002864877139735489,69357.25,55.93062,-0.0017954290319794897
69628.59,69732.79,69589.42,69732.79,56.75827,True,2026-03-10 14:21:00,143.36999999999534,104.19999999999709,0.0014965117058953759,69609.544,69619.62302949703,69531.016,69594.92055257452,69653.5835,69658.22982138411,69823.60970588235,69831.00797282948,69823.60970588235,69945.75837586242,78.62972453247608,100.0,40.582034,10.870024509647019,119.69735392977,65.93605777945086,40.681776,19.09881696176738,197.71661084211058,52.93301907789218,48.803096,36.966873436640306,70049.01672168421,69258.15027831578,69628.59,30.96574,0.0004914189204043851,69594.39,32.1718,0.0003967410311731534,69566.79,36.70915,0.0005987760402133002,69525.16,46.30521,0.002708207319053635,69337.38,79.98226,-0.0002864877139735489
69732.79,69761.18,69648.38,69752.02,14.81441,True,2026-03-10 14:22:00,112.79999999998836,19.230000000010477,0.00027576696701814285,69654.916,69663.75535299802,69548.049,69623.48408847005,69645.629,69667.16221934753,69821.56428571428,69827.91040526754,69821.56428571428,69941.92197237999,83.09060344015595,100.0,34.283874000000004,15.045857714930262,138.37179854374986,62.92434934365297,39.381527000000006,20.46566881040433,189.85446930407667,44.66287800001354,46.1754435,37.4425517250642,70025.33793860815,69265.92006139185,69732.79,56.75827,0.0014965117058953759,69628.59,30.96574,0.0004914189204043851,69594.39,32.1718,0.0003967410311731534,69566.79,36.70915,0.0005987760402133002,69525.16,46.30521,0.002708207319053635
69752.03,69800.0,69712.0,69794.25,18.15613,True,2026-03-10 14:23:00,88.0,42.220000000001164,0.0006054304950593448,69700.408,69707.25356866536,69577.062,69654.53243602095,69643.618,69679.26581750491,69820.80555555556,69826.59038937469,69820.80555555556,69938.99777490711,85.02404789260646,100.0,30.57327,16.514316441658924,157.26425932878044,73.26213498821468,38.875913,20.965867895277395,187.9524109308858,48.61881868131864,46.1075395,37.494643303167486,70019.52282186177,69267.71317813823,69752.02,14.81441,0.00027576696701814285,69732.79,56.75827,0.0014965117058953759,69628.59,30.96574,0.0004914189204043851,69594.39,32.1718,0.0003967410311731534,69566.79,36.70915,0.0005987760402133002
69794.24,69794.24,69716.19,69725.77,18.83183,True,2026-03-10 14:24:00,78.05000000000291,-68.47000000000116,-0.0009811696522277202,69726.68400000001,69713.42571244357,69601.439,69667.48472038077,69629.5065,69683.69478726634,69818.23702702703,69822.63664861489,69818.23702702703,69934.77544273074,60.96644306535853,74.48013713945113,27.905276000000004,17.25257767214442,159.76487219593497,68.19260563905914,39.062542,20.75642086438518,168.77080179857137,39.554387653133105,45.207988,37.94226392927127,69967.04810359715,69291.96489640286,69794.25,18.15613,0.0006054304950593448,69752.02,14.81441,0.00027576696701814285,69732.79,56.75827,0.0014965117058953759,69628.59,30.96574,0.0004914189204043851,69594.39,32.1718,0.0003967410311731534
69725.76,69809.48,69707.89,69809.47,8.80894,True,2026-03-10 14:25:00,101.58999999999651,83.7100000000064,0.0012004170050756713,69762.86,69745.44047496238,69646.661,69693.30022576608,69620.09150000001,69695.67337895527,69818.00631578948,69822.12030945353,69818.00631578948,69932.29414683508,37.26661642862042,78.45456833627087,23.473916000000003,19.024488145644703,146.4094964626464,85.9521083762651,34.350374,21.822934342499607,151.5158665749006,43.390292189101416,43.5814285,38.80430585382616,69923.12323314982,69317.0597668502,69725.77,18.83183,-0.0009811696522277202,69794.25,18.15613,0.0006054304950593448,69752.02,14.81441,0.00027576696701814285,69732.79,56.75827,0.0014965117058953759,69628.59,30.96574,0.0004914189204043851
69809.48,69925.39,69785.94,69833.68,20.45261,True,2026-03-10 14:26:00,139.4499999999971,24.19999999999709,0.00034680108586981895,69783.038,69774.85364997492,69696.291,69718.82382108134,69614.372,69708.8168666738,69818.4082051282,69822.57363065143,69818.4082051282,69930.34139145221,43.67697299533564,71.20874500735823,16.212784,4.620186034033183,109.34739050382566,89.18611628714935,28.397409,15.065284122496431,140.2216283189457,45.911518088824515,42.961389000000004,39.0828213529506,69894.8152566379,69333.9287433621,69809.47,8.80894,0.0012004170050756713,69725.77,18.83183,-0.0009811696522277202,69794.25,18.15613,0.0006054304950593448,69752.02,14.81441,0.00027576696701814285,69732.79,56.75827,0.0014965117058953759
69833.69,69834.23,69764.44,69792.04,11.4709,True,2026-03-10 14:27:00,69.7899999999936,-41.65000000000873,-0.0005962738896189146,69791.04199999999,69780.58243331661,69722.97899999999,69732.13585361201,69618.59150000001,69716.74287937154,69817.749,69821.37623337099,69817.749,69927.60275003732,40.09149373663285,57.688465380771646,15.544082,5.0911363701501084,94.49939722908401,77.39366069962233,24.913978,14.480406402283961,144.38418145877915,53.51581052368457,41.51559949999999,39.7128424476587,69907.35986291757,69329.82313708245,69833.68,20.45261,0.00034680108586981895,69809.47,8.80894,0.0012004170050756713,69725.77,18.83183,-0.0009811696522277202,69794.25,18.15613,0.0006054304950593448,69752.02,14.81441,0.00027576696701814285
69792.04,69869.53,69779.77,69847.9,13.36048,True,2026-03-10 14:28:00,89.75999999999476,55.86000000000058,0.0008003778081282498,69801.772,69803.02162221108,69751.09,69753.18388022801,69628.01599999999,69729.2340337171,69818.4843902439,69822.41638108193,69818.4843902439,69926.02447775935,47.634514483022194,59.79407791449069,14.584952000000001,4.925046936666204,84.1157892431026,78.03530467737164,22.579111,14.247731673760432,153.07873094379758,57.80322412379809,40.880925000000005,40.0727494906213,69934.17346188758,69321.8585381124,69792.04,11.4709,-0.0005962738896189146,69833.68,20.45261,0.00034680108586981895,69809.47,8.80894,0.0012004170050756713,69725.77,18.83183,-0.0009811696522277202,69794.25,18.15613,0.0006054304950593448
69847.89,69847.9,69786.05,69799.3,13.8955,True,2026-03-10 14:29:00,61.84999999999127,-48.58999999999651,-0.0006957975830338414,69816.47799999999,69801.78108147407,69771.581,69761.56862927746,69636.7555,69735.90698288691,69818.02761904763,69821.50985633362,69818.02761904763,69923.51508216016,23.583163910551534,64.47383961261457,13.597686000000001,4.318282351036706,64.33393548067863,69.61424332344335,20.751481000000002,14.051349576175102,157.78519690671212,57.15490351789287,37.005337,38.6520093914971,69952.32589381342,69321.18510618657,69847.9,13.36048,0.0008003778081282498,69792.04,11.4709,-0.0005962738896189146,69833.68,20.45261,0.00034680108586981895,69809.47,8.80894,0.0012004170050756713,69725.77,18.83183,-0.0009811696522277202
69799.3,69972.38,69791.2,69972.0,23.36742,True,2026-03-10 14:30:00,181.18000000000757,172.6999999999971,0.0024742368476473597,69848.984,69858.52072098272,69805.92199999999,69799.82887849974,69657.03949999998,69758.39203213577,69821.60837209303,69827.41143059505,69821.60837209303,69924.47517954312,72.59380607206465,73.69172910410896,16.509382,5.116541704346334,70.85039320823377,75.98244684875657,19.991649000000002,13.636969472142368,173.5429722143631,65.18286201889245,36.585747500000004,38.757361673986516,70004.1254444287,69309.95355557126,69799.3,13.8955,-0.0006957975830338414,69847.9,13.36048,0.0008003778081282498,69792.04,11.4709,-0.0005962738896189146,69833.68,20.45261,0.00034680108586981895,69809.47,8.80894,0.0012004170050756713
69971.99,69976.49,69832.83,69836.3,14.39793,True,2026-03-10 14:31:00,143.6600000000035,-135.69000000000233,-0.0019393471674383767,69849.508,69851.11381398849,69816.273,69806.45999149978,69673.6445,69765.81183859904,69821.94227272728,69827.76000194426,69821.94227272728,69922.72913638386,72.46506275460206,50.28822882288338,15.298446000000002,4.644710662600546,66.40038939798923,57.47526540044867,15.755615,4.394034585650626,174.03659544005043,61.7802718578852,28.218695500000003,18.58581611775993,70021.71769088009,69325.5713091199,69972.0,23.36742,0.0024742368476473597,69799.3,13.8955,-0.0006957975830338414,69847.9,13.36048,0.0008003778081282498,69792.04,11.4709,-0.0005962738896189146,69833.68,20.45261,0.00034680108586981895
69836.3,69887.29,69809.29,69819.93,16.00701,True,2026-03-10 14:32:00,78.0,-16.370000000009895,-0.00023440531643303952,69855.08599999998,69840.71920932566,69823.064,69808.90908395436,69685.55649999999,69770.96594920865,69821.89755555555,69827.4529430445,69821.89755555555,69920.69350992082,67.86283577944293,53.248840947743595,16.205668000000003,4.124016377594209,62.45429817059685,54.92465445474129,15.874875,4.3818180216922755,175.55804214215004,58.83391177953767,27.628201,18.785785223123245,70036.67258428429,69334.4404157157,69836.3,14.39793,-0.0019393471674383767,69972.0,23.36742,0.0024742368476473597,69799.3,13.8955,-0.0006957975830338414,69847.9,13.36048,0.0008003778081282498,69792.04,11.4709,-0.0005962738896189146
69819.92,69942.0,69816.27,69931.69,12.52456,True,2026-03-10 14:33:00,125.72999999999593,111.77000000000407,0.0016006890869126877,69871.844,69871.04280621711,69836.80799999999,69831.23288687174,69706.935,69786.27300166497,69824.28434782609,69831.54067076824,69824.28434782609,69920.9112621996,75.55435017274645,58.63582957145583,16.038484,4.282106760512313,70.06761826171656,59.053779874048395,15.311718000000003,4.417792192873856,178.31279260125763,65.46219885291129,27.093815499999998,19.067907690458267,70063.56058520252,69350.30941479748,69819.93,16.00701,-0.00023440531643303952,69836.3,14.39793,-0.0019393471674383767,69972.0,23.36742,0.0024742368476473597,69799.3,13.8955,-0.0006957975830338414,69847.9,13.36048,0.0008003778081282498
69931.68,70016.53,69902.12,69965.28,22.01662,True,2026-03-10 14:34:00,114.41000000000349,33.60000000000582,0.00048032587229052126,69905.04000000001,69902.45520414475,69860.75899999999,69855.6050892587,69731.099,69803.3212872207,69827.28425531914,69836.78535034596,69827.28425531914,69921.78985106695,72.09650026195892,67.6529396749758,17.662708,4.777576918089897,68.81888749933273,66.53777636612197,15.630196999999999,4.798173545300624,178.97103484847372,67.3330464098704,27.346369499999998,18.959842950198873,70089.04106969695,69373.15693030306,69931.69,12.52456,0.0016006890869126877,69819.93,16.00701,-0.00023440531643303952,69836.3,14.39793,-0.0019393471674383767,69972.0,23.36742,0.0024742368476473597,69799.3,13.8955,-0.0006957975830338414
69965.27,69974.09,69876.55,69941.89,11.24431,True,2026-03-10 14:35:00,97.5399999999936,-23.380000000004657,-0.0003343086742452206,69899.01800000001,69915.6001360965,69874.001,69871.29325484802,69760.331,69816.51830748538,69829.671875,69840.9071013128,69829.671875,69922.1878738181,66.11463506685304,45.307191172345085,15.238086000000001,4.199973199381777,70.57110322205634,59.9740893615739,15.873734000000002,4.463625573584709,161.59754580274864,72.61243560190023,25.112054,18.023976542448434,70083.5260916055,69437.13590839451,69965.28,22.01662,0.00048032587229052126,69931.69,12.52456,0.0016006890869126877,69819.93,16.00701,-0.00023440531643303952,69836.3,14.39793,-0.0019393471674383767,69972.0,23.36742,0.0024742368476473597
69941.89,69989.9,69928.95,69930.29,12.85524,True,2026-03-10 14:36:00,60.94999999999709,-11.60000000000582,-0.00016585196653973178,69917.816,69920.49675739766,69883.66199999998,69882.01993578473,69789.9765,69827.3537067725,69831.72530612245,69844.41231302601,69831.72530612245,69922.34831196032,56.48483495613042,73.89049870367054,14.929548,4.331720615709788,71.04915728626447,57.417730071712626,15.113997000000001,4.238563394770617,131.50604734043537,73.07994737128914,21.755703,12.745688682630234,70052.98859468088,69526.96440531913,69941.89,11.24431,-0.0003343086742452206,69965.28,22.01662,0.00048032587229052126,69931.69,12.52456,0.0016006890869126877,69819.93,16.00701,-0.00023440531643303952,69836.3,14.39793,-0.0019393471674383767
69930.29,69982.43,69921.96,69957.3,9.25641,True,2026-03-10 14:37:00,60.46999999998661,27.010000000009313,0.00038624178449730984,69945.29000000001,69932.76450493178,69900.188,69895.7072201875,69811.58350000001,69839.72954422273,69834.2368,69848.83928114265,69834.2368,69923.04042459477,15.535123109211264,83.12515071135674,13.579427999999998,4.923531870107585,66.44021720462466,62.98030098338033,14.892548,4.49984629340646,120.76839409970604,69.22844175491682,19.903263000000003,11.633713197293734,70053.12028819942,69570.04671180059,69930.29,12.85524,-0.00016585196653973178,69941.89,11.24431,-0.0003343086742452206,69965.28,22.01662,0.00048032587229052126,69931.69,12.52456,0.0016006890869126877,69819.93,16.00701,-0.00023440531643303952
69957.31,70027.93,69957.31,70027.93,16.17934,True,2026-03-10 14:38:00,70.61999999999534,70.61999999999534,0.0010096158656778265,69964.538,69964.4863366212,69918.191,69919.74772560794,69834.64050000001,69857.6533971539,69832.6,69855.86244658803,69838.03470588235,69925.11744588993,37.93857627819591,78.94958488749549,14.310383999999999,4.99849919587121,74.58896678147943,63.819758962155305,15.174434,4.481462485781905,115.4771658210152,70.00260258523468,18.876772499999998,10.958962883369164,70065.59483164204,69603.68616835798,69957.3,9.25641,0.00038624178449730984,69930.29,12.85524,-0.00016585196653973178,69941.89,11.24431,-0.0003343086742452206,69965.28,22.01662,0.00048032587229052126,69931.69,12.52456,0.0016006890869126877
70028.0,70178.33,70028.0,70177.38,32.00144,True,2026-03-10 14:39:00,150.33000000000175,149.38000000000466,0.00213414847475879,70006.958,70035.4508910808,69955.999,69966.58995731559,69863.79,69888.10354980592,69832.80859999999,69868.47097809438,69844.56057692308,69930.11274399112,102.54416936137267,87.59571752694157,16.307348,9.132196338579526,99.34286581203237,75.131613932464,16.985028,6.907978531480465,124.84110654833844,72.87042485583163,18.8682545,10.948146134188816,70113.47221309667,69614.10778690332,70027.93,16.17934,0.0010096158656778265,69957.3,9.25641,0.00038624178449730984,69930.29,12.85524,-0.00016585196653973178,69941.89,11.24431,-0.0003343086742452206,69965.28,22.01662,0.00048032587229052126
70177.38,70437.6,70177.38,70404.09,98.89707,True,2026-03-10 14:40:00,260.22000000000116,226.70999999999185,0.0032305281274391806,70099.398,70158.33059405387,69999.208,70046.13541962185,69902.565,69937.24511649107,69837.2616,69889.4756456201,69855.11773584905,69939.49843222891,195.45807701398934,97.61021837659547,33.837900000000005,37.39122423440354,173.42317554970344,76.79760856352472,24.537993,26.931716949389713,162.65167387947258,76.4304118440964,22.264821,20.90694300046279,70227.86834775895,69577.26165224105,70177.38,32.00144,0.00213414847475879,70027.93,16.17934,0.0010096158656778265,69957.3,9.25641,0.00038624178449730984,69930.29,12.85524,-0.00016585196653973178,69941.89,11.24431,-0.0003343086742452206
70404.08,70428.0,70324.79,70428.0,20.99337,True,2026-03-10 14:41:00,103.2100000000064,23.919999999998254,0.0003396109515796386,70198.94,70248.22039603592,70058.378,70115.56534332696,69937.3255,69983.98367682526,69840.5106,69910.59424775264,69865.72666666667,69949.17173060062,213.6902837051734,100.0,35.465526,36.41386651145311,208.96386028839288,92.60389965726604,25.197537,26.73584753818822,195.44124365342105,75.06580038506762,20.476576,19.266506534721284,70328.20798730684,69546.44301269317,70404.09,98.89707,0.0032305281274391806,70177.38,32.00144,0.00213414847475879,70027.93,16.17934,0.0010096158656778265,69957.3,9.25641,0.00038624178449730984,69930.29,12.85524,-0.00016585196653973178
70428.39,70450.0,70356.49,70421.1,18.84293,True,2026-03-10 14:42:00,93.50999999999476,-7.289999999993597,-9.797239734188334e-05,70291.7,70305.84693069062,70118.495,70171.11709908569,69970.7795,70025.6138028419,69844.9588,69930.6140811741,69875.82436363636,69958.51684484615,180.6911988725285,98.55527638191074,37.38283,34.91021111505696,218.97800951226753,93.88422512592179,25.481129000000003,26.642407489708933,218.01310328741386,74.34009487500391,20.678002,19.22520882614521,70406.80570657483,69534.75329342518,70428.0,20.99337,0.0003396109515796386,70404.09,98.89707,0.0032305281274391806,70177.38,32.00144,0.00213414847475879,70027.93,16.17934,0.0010096158656778265,69957.3,9.25641,0.00038624178449730984
70421.1,70478.21,70383.22,70478.21,22.32121,True,2026-03-10 14:43:00,94.99000000000524,57.11000000000058,0.0008109785277423676,70381.75600000001,70363.30128712709,70173.147,70226.95217197921,70004.97750000001,70068.71820257124,69849.04179999999,69952.08843093198,69886.58125,69968.80779841356,117.53530205851061,98.51318738148721,38.611204,34.07569242075759,234.80315159950834,93.35395843249259,26.460794,26.290843070759735,241.26830825269286,74.61491952897856,20.886256,19.21901105586738,70487.5141165054,69522.44088349462,70421.1,18.84293,-9.797239734188334e-05,70428.0,20.99337,0.0003396109515796386,70404.09,98.89707,0.0032305281274391806,70177.38,32.00144,0.00213414847475879,70027.93,16.17934,0.0010096158656778265
70478.21,70483.49,70402.0,70457.31,12.46634,True,2026-03-10 14:44:00,81.49000000000524,-20.90000000000873,-0.0002965455564210018,70437.742,70394.6375247514,70222.35,70268.83541343754,70041.5545,70105.7269451835,69854.788,69971.90104148367,69896.59403508772,69978.48110933606,29.685372997189088,91.71460078085327,34.704184,36.08376422595454,237.93632406813668,89.83339000339913,25.505766,26.641340347808324,251.9281287125212,77.26087021330477,20.567981500000002,19.307328414301345,70545.41075742504,69537.69824257496,70478.21,22.32121,0.0008109785277423676,70421.1,18.84293,-9.797239734188334e-05,70428.0,20.99337,0.0003396109515796386,70404.09,98.89707,0.0032305281274391806,70177.38,32.00144,0.00213414847475879
70457.31,70556.67,70404.51,70414.17,34.5864,True,2026-03-10 14:45:00,152.1600000000035,-43.13999999999942,-0.0006122856521203479,70439.758,70401.14834983426,70269.57800000001,70295.25988372162,70071.7895,70135.10247421364,69860.23539999999,69989.2449222098,69905.51775862068,69987.10861212148,27.054326271078832,53.316662279547685,21.842049999999993,8.066395845558638,222.44987194608936,87.04970503326123,27.839975,26.27299545117053,258.8012700179624,73.23660062404869,21.8568545,19.34139657437263,70589.39204003592,69554.18695996408,70457.31,12.46634,-0.0002965455564210018,70478.21,22.32121,0.0008109785277423676,70421.1,18.84293,-9.797239734188334e-05,70428.0,20.99337,0.0003396109515796386,70404.09,98.89707,0.0032305281274391806
70414.18,70470.0,70392.0,70470.0,19.69977,True,2026-03-10 14:46:00,78.0,55.820000000006985,0.0007928801830654475,70448.158,70424.0988998895,70323.549,70327.03081395406,70103.6055,70166.99747666948,69867.4188,70008.09806251529,69915.08525423729,69996.67081782204,28.945095784632606,61.42049162497252,21.583329999999997,8.120981982078623,194.73042691241835,89.59198345046124,28.524428,25.926109759007115,266.9727130838159,73.87154861944774,21.8192125,19.345005584220594,70637.55092616763,69569.66007383238,70414.17,34.5864,-0.0006122856521203479,70457.31,12.46634,-0.0002965455564210018,70478.21,22.32121,0.0008109785277423676,70421.1,18.84293,-9.797239734188334e-05,70428.0,20.99337,0.0003396109515796386
70470.0,70686.0,70470.0,70586.73,54.6568,True,2026-03-10 14:47:00,216.0,116.72999999999593,0.0016564495530011492,70481.28400000001,70478.309266593,70386.492,70374.24884778059,70143.34,70206.97200270096,69880.5576,70030.7895110441,69926.27933333332,70008.35515806319,63.90359676872079,78.19617990534651,28.746103999999995,16.53495813585949,162.20259922543516,90.80266040891438,33.064467,26.151255148563894,277.10664610544745,78.22273046899952,23.9785075,20.50458750120772,70697.5532922109,69589.1267077891,70470.0,19.69977,0.0007928801830654475,70414.17,34.5864,-0.0006122856521203479,70457.31,12.46634,-0.0002965455564210018,70478.21,22.32121,0.0008109785277423676,70421.1,18.84293,-9.797239734188334e-05
70586.73,70656.0,70565.38,70644.06,23.23528,True,2026-03-10 14:48:00,90.61999999999534,57.330000000001746,0.0008121923200012926,70514.454,70533.559511062,70448.105,70423.30542091139,70183.148,70248.59943101516,69895.0106,70054.83933414042,69938.0462295082,70020.94337275502,96.59193925984115,78.21249957472646,28.928917999999992,16.45100434375713,123.19816820848247,90.64128441577269,33.770061,25.73696020847599,289.3473564057047,78.24544474087512,24.4722475,20.353789713948387,70761.84271281141,69604.45328718859,70586.73,54.6568,0.0016564495530011492,70470.0,19.69977,0.0007928801830654475,70414.17,34.5864,-0.0006122856521203479,70457.31,12.46634,-0.0002965455564210018,70478.21,22.32121,0.0008109785277423676
70644.07,70672.37,70600.0,70643.7,14.33725,True,2026-03-10 14:49:00,72.36999999999534,-0.3700000000098953,-5.095969852209059e-06,70551.73199999999,70570.27300737468,70494.737,70463.37716256386,70225.368,70286.22805663275,69909.4622,70077.93190927216,69949.42774193548,70033.2751871559,104.65521520676319,84.08866454515524,29.303099999999993,15.997987494086434,94.17480319378701,88.29074426854051,32.003642,26.467640303750702,291.98361977492374,81.01857293993105,24.494335,20.341944206835446,70809.33523954985,69641.40076045015,70644.06,23.23528,0.0008121923200012926,70586.73,54.6568,0.0016564495530011492,70470.0,19.69977,0.0007928801830654475,70414.17,34.5864,-0.0006122856521203479,70457.31,12.46634,-0.0002965455564210018
70643.99,70866.66,70643.99,70800.0,58.04757,True,2026-03-10 14:50:00,222.66999999999825,156.00999999999476,0.0022125115190738676,70628.898,70646.84867158312,70534.32800000001,70524.58131482497,70266.76800000001,70335.15871790583,69927.2692,70106.24830498698,69962.92888888888,70048.45785671716,119.11296579284546,99.90686845168786,33.995334,20.6880908530784,128.71768839823477,86.75976304989663,27.918692,16.129721221988365,312.1708070002473,80.78707835088277,26.228342499999997,21.67525048663979,70891.10961400051,69642.42638599951,70643.7,14.33725,-5.095969852209059e-06,70644.06,23.23528,0.0008121923200012926,70586.73,54.6568,0.0016564495530011492,70470.0,19.69977,0.0007928801830654475,70414.17,34.5864,-0.0006122856521203479
70800.01,70913.89,70766.82,70877.73,31.77031,True,2026-03-10 14:51:00,147.06999999999243,77.72000000000116,0.0010978813559321399,70710.44399999999,70723.80911438874,70579.301,70588.79016667497,70318.8395,70386.83217334337,69952.22379999999,70136.50248910513,69977.22265625,70064.87908727721,122.64953497653644,99.91186191700316,36.409442,19.25770240140984,161.76381015722035,87.96279101176663,28.996386,15.974882343957052,323.24869733897896,90.46745677093334,27.0969615,21.523766489530235,70965.33689467797,69672.34210532204,70800.0,58.04757,0.0022125115190738676,70643.7,14.33725,-5.095969852209059e-06,70644.06,23.23528,0.0008121923200012926,70586.73,54.6568,0.0016564495530011492,70470.0,19.69977,0.0007928801830654475
70877.72,70896.0,70812.01,70814.29,16.00328,True,2026-03-10 14:52:00,83.99000000000524,-63.43000000000757,-0.000895062525281265,70755.956,70753.9694095925,70618.62,70629.79013637041,70368.55750000001,70427.54244254876,69970.2874,70163.08239149317,69990.10061538461,70079.71890733112,106.41165457766542,82.03626534519589,28.678738,17.80493512370281,166.74671697557946,80.29805662150983,28.712421,16.19908627978918,318.914904057958,87.27489466344726,27.096774999999997,21.523867655619835,71006.38730811593,69730.7276918841,70877.73,31.77031,0.0010978813559321399,70800.0,58.04757,0.0022125115190738676,70643.7,14.33725,-5.095969852209059e-06,70644.06,23.23528,0.0008121923200012926,70586.73,54.6568,0.0016564495530011492
70814.29,71167.66,70788.44,71116.1,152.39835,True,2026-03-10 14:53:00,379.22000000000116,301.8100000000122,0.004261992883074939,70850.36399999999,70874.679606395,70682.40900000001,70718.2101115758,70427.77799999999,70493.1193527822,69995.92,70200.45563104245,70007.16121212121,70100.24130520574,171.69187118191505,89.36028283636824,54.511352,57.463802273920386,220.4342244271468,85.69334243539868,41.72013499999999,42.06747065553548,342.6101689061973,88.8619107929149,34.0904645,35.02793027623761,71112.99833781239,69742.5576621876,70814.29,16.00328,-0.000895062525281265,70877.73,31.77031,0.0010978813559321399,70800.0,58.04757,0.0022125115190738676,70643.7,14.33725,-5.095969852209059e-06,70644.06,23.23528,0.0008121923200012926
71116.11,71179.42,71062.2,71134.76,93.66126,True,2026-03-10 14:54:00,117.22000000000116,18.64999999999418,0.00026238784185284025,70948.576,70961.37307093,70750.15400000001,70793.94645492565,70486.252,70554.22798585056,70018.4552,70237.0950180604,70023.99104477612,70120.72682391453,164.2067947130548,89.73363109686991,70.376154,54.4716701586956,246.16598800157857,88.00219896110283,49.83962699999999,43.60158410370482,358.93026765367233,88.75170649595023,37.6726965,37.31686250897312,71204.11253530734,69768.39146469264,71116.1,152.39835,0.004261992883074939,70814.29,16.00328,-0.000895062525281265,70877.73,31.77031,0.0010978813559321399,70800.0,58.04757,0.0022125115190738676,70643.7,14.33725,-5.095969852209059e-06
71134.77,71241.81,71134.75,71233.81,57.85215,True,2026-03-10 14:55:00,107.05999999999767,99.0399999999936,0.0013924275558110377,71035.338,71052.18538062001,70832.11799999999,70873.92164493917,70550.848,70618.95008243622,70043.17599999999,70276.18188009724,70041.7825,70142.76807492612,179.9311461918834,88.68536981219532,70.33707000000001,54.482796492247424,258.0344826136169,93.26464254043299,52.166202,43.31703963643171,371.8267788352448,90.76486179477413,40.003088500000004,37.033805691450745,71294.50155767049,69807.1944423295,71134.76,93.66126,0.00026238784185284025,71116.1,152.39835,0.004261992883074939,70814.29,16.00328,-0.000895062525281265,70877.73,31.77031,0.0010978813559321399,70800.0,58.04757,0.0022125115190738676
71233.81,71472.0,71224.68,71431.93,227.77917,True,2026-03-10 14:56:00,247.32000000000698,198.11999999999534,0.002781263560098779,71146.17799999999,71178.76692041334,70928.31099999999,70975.37770949567,70625.93,70696.37674125182,70072.8532,70321.5053357797,70061.92956521739,70168.29603383847,223.89633442714108,90.68538204028863,109.538842,82.90088312297263,285.84187642996505,94.14426404045754,72.974142,68.59173497206348,391.0387678048896,92.39238447987688,50.749285,55.37992645869264,71408.00753560977,69843.85246439022,71233.81,57.85215,0.0013924275558110377,71134.76,93.66126,0.00026238784185284025,71116.1,152.39835,0.004261992883074939,70814.29,16.00328,-0.000895062525281265,70877.73,31.77031,0.0010978813559321399
71431.93,71521.52,71420.01,71517.98,94.21416,True,2026-03-10 14:57:00,101.51000000000931,86.05000000000291,0.0012046433576693438,71286.916,71291.83794694224,71021.436,71074.03267140556,70703.96399999999,70774.62467065641,70109.0598,70368.42591084716,70082.7302857143,70195.02244900998,179.9787721646462,100.0,125.181018,66.61978283502859,312.633882190045,93.97459507956721,76.929878,68.55862846415837,406.0215228337864,92.63780215937378,54.9971725,55.28797078435434,71516.00704566756,69891.92095433243,71431.93,227.77917,0.002781263560098779,71233.81,57.85215,0.0013924275558110377,71134.76,93.66126,0.00026238784185284025,71116.1,152.39835,0.004261992883074939,70814.29,16.00328,-0.000895062525281265
71517.99,71527.54,71376.92,71422.46,90.55884,True,2026-03-10 14:58:00,150.61999999999534,-95.52999999999884,-0.0013356081925131047,71348.188,71335.37863129484,71099.276,71137.38309478636,70773.6905,70836.32327345104,70144.3208,70409.76058101002,70101.59971830987,70219.32814308899,158.10772741990849,80.79613992762496,112.813116,66.0414053999514,305.0457972609156,85.47728432873976,83.662234,65.95618276947796,403.54970344733204,87.5873965661306,58.7161475,55.04047655563216,71580.78990689466,69966.59109310534,71517.98,94.21416,0.0012046433576693438,71431.93,227.77917,0.002781263560098779,71233.81,57.85215,0.0013924275558110377,71134.76,93.66126,0.00026238784185284025,71116.1,152.39835,0.004261992883074939
71422.46,71472.58,71370.0,71467.81,35.83959,True,2026-03-10 14:59:00,102.58000000000175,45.34999999999127,0.0006349543266921387,71414.798,71379.52242086323,71181.68699999999,71197.46071391611,70838.212,70896.4648664557,70181.18680000001,70451.25271508806,70120.5748611111,70244.05055609714,107.89539503556855,81.77412276517529,101.248782,74.72504587003122,278.45377314513803,86.08092607024386,85.812468,63.758902837773654,406.34118983158663,86.8494245980755,58.90805499999999,54.949044264673496,71650.89437966318,70025.52962033682,71422.46,90.55884,-0.0013356081925131047,71517.98,94.21416,0.0012046433576693438,71431.93,227.77917,0.002781263560098779,71233.81,57.85215,0.0013924275558110377,71134.76,93.66126,0.00026238784185284025
71467.81,71564.57,71411.59,71487.09,128.57949,True,2026-03-10 15:00:00,152.98000000001048,19.279999999998836,0.0002697718035573615,71465.454,71415.37828057549,71250.396,71250.12058411317,70892.362,70952.71487917421,70219.6022,70491.87378508461,70139.29424657533,70268.66519855066,39.385881098137276,78.50198055455657,115.39424999999999,71.06081643081474,257.81244122182744,84.18324195779196,92.86566,64.24556418375374,417.4538352366067,85.08214989115811,60.39217599999999,56.46586629751878,71727.26967047321,70057.45432952678,71467.81,35.83959,0.0006349543266921387,71422.46,90.55884,-0.0013356081925131047,71517.98,94.21416,0.0012046433576693438,71431.93,227.77917,0.002781263560098779,71233.81,57.85215,0.0013924275558110377
71487.1,71517.59,71430.56,71469.75,60.26599,True,2026-03-10 15:01:00,87.02999999999884,-17.35000000000582,-0.00024256127924626725,71473.018,71433.50218705033,71309.598,71290.0532051835,70944.4495,71001.95631925286,70258.91320000001,70530.22187194404,70157.27337837838,70292.4490560051,34.68975742025231,57.17538134628709,81.891614,35.338294524971495,229.10278027285696,81.33641040841906,95.715228,61.82082440427655,421.43670742231797,83.89017209408281,62.355807000000006,55.70132765707409,71787.32291484464,70101.57608515536,71487.09,128.57949,0.0002697718035573615,71467.81,35.83959,0.0006349543266921387,71422.46,90.55884,-0.0013356081925131047,71517.98,94.21416,0.0012046433576693438,71431.93,227.77917,0.002781263560098779
71469.76,71592.99,71442.39,71488.22,74.02601,True,2026-03-10 15:02:00,150.60000000000582,18.460000000006403,0.00025843101452016626,71467.066,71451.74145803356,71376.99100000001,71326.08353151377,70997.80549999999,71048.26714599069,70297.04379999998,70567.79042598545,70175.01933333333,70316.12768855946,26.673511764978393,42.406613594611606,77.853984,34.726396825803576,154.03837721263417,87.45512143611532,101.51750100000001,55.95245280498939,419.23636541846173,84.45612584919803,65.114961,54.791799573612515,71836.2782308369,70159.33276916307,71469.75,60.26599,-0.00024256127924626725,71487.09,128.57949,0.0002697718035573615,71467.81,35.83959,0.0006349543266921387,71422.46,90.55884,-0.0013356081925131047,71517.98,94.21416,0.0012046433576693438
71488.22,71505.99,71369.74,71399.99,36.59957,True,2026-03-10 15:03:00,136.25,-88.22999999999593,-0.0012341893531548909,71462.572,71434.49097202238,71405.37999999999,71339.52107123853,71043.8945,71081.76456065824,70334.9612,70600.42570339779,70191.13736842106,70337.59030858798,36.243686620938895,44.0451582127516,67.06213,38.019348004433226,123.80804219018407,70.68957978048994,89.937623,56.23426594707991,409.6669020260231,79.17690106606592,65.828879,54.29563980303719,71863.22830405204,70224.56069594795,71488.22,74.02601,0.00025843101452016626,71469.75,60.26599,-0.00024256127924626725,71487.09,128.57949,0.0002697718035573615,71467.81,35.83959,0.0006349543266921387,71422.46,90.55884,-0.0013356081925131047
71399.99,71777.0,71399.99,71776.99,90.74146,True,2026-03-10 15:04:00,377.00999999999476,377.0,0.005280112784329605,71524.40800000001,71548.6573146816,71469.603,71419.06087646789,71109.8785,71147.97650726221,70380.861,70646.56547973513,70211.73285714285,70366.09327277435,145.7456747895868,79.71056273062847,78.042504,34.51414163073856,133.9853856908996,80.74606715753518,89.64564299999999,56.22036222428964,416.4374163542595,84.08722245756206,69.74263499999999,53.05361733478306,71942.75333270853,70277.00366729149,71399.99,36.59957,-0.0012341893531548909,71488.22,74.02601,0.00025843101452016626,71469.75,60.26599,-0.00024256127924626725,71487.09,128.57949,0.0002697718035573615,71467.81,35.83959,0.0006349543266921387
71777.0,71777.0,71398.46,71467.97,50.5349,True,2026-03-10 15:05:00,378.5399999999936,-309.02999999999884,-0.004305279449584143,71520.584,71521.76154312107,71493.019,71427.95344438282,71162.5685,71178.45207799914,70423.0754,70678.7774217063,70227.83846153847,70387.91261390754,147.2130316238074,48.81984050564184,62.43358599999999,20.912876465408377,105.66718690126133,59.3336947336536,88.913918,56.72549100104599,389.5798544219022,73.93237706779581,70.54006000000001,52.61543621092318,71941.7282088438,70383.4087911562,71776.99,90.74146,0.005280112784329605,71399.99,36.59957,-0.0012341893531548909,71488.22,74.02601,0.00025843101452016626,71469.75,60.26599,-0.00024256127924626725,71487.09,128.57949,0.0002697718035573615
71467.98,71471.99,71148.28,71172.9,57.41072,True,2026-03-10 15:06:00,323.7100000000064,-295.08000000000175,-0.004128702690170294,71461.214,71405.47436208071,71467.11600000001,71381.58009085867,71197.7135,71177.9233086659,70459.7858,70698.1547777178,70239.80126582278,70403.45691858264,216.42711851770835,36.355362707875436,61.862532,21.025542830744502,146.25876750117249,40.41573856866934,71.87707300000001,29.37569736184279,353.88289682623497,64.39861360340204,72.42560749999998,51.35830641560544,71905.47929365246,70489.94770634754,71467.97,50.5349,-0.004305279449584143,71776.99,90.74146,0.005280112784329605,71399.99,36.59957,-0.0012341893531548909,71488.22,74.02601,0.00025843101452016626,71469.75,60.26599,-0.00024256127924626725
71172.91,71262.47,71172.9,71211.91,37.74411,True,2026-03-10 15:07:00,89.57000000000698,39.0,0.0005481018758546341,71405.952,71340.95290805382,71436.50899999999,71350.7309834298,71228.9725,71181.160136412,70493.5208,70718.3020413367,70251.952625,70419.46589049189,241.6177289022557,37.534849728871656,54.606151999999994,22.015713902242013,165.22702062067987,38.26679649464482,66.230068,30.02519573858807,323.3693659917663,63.227739363728084,71.579973,51.80358192981589,71875.71123198354,70582.23376801646,71172.9,57.41072,-0.004128702690170294,71467.97,50.5349,-0.004305279449584143,71776.99,90.74146,0.005280112784329605,71399.99,36.59957,-0.0012341893531548909,71488.22,74.02601,0.00025843101452016626
71211.9,71282.11,71208.0,71277.37,23.25525,True,2026-03-10 15:08:00,74.11000000000058,65.47000000000116,0.0009192282583065925,71381.428,71319.75860536922,71422.0,71337.3926228062,71260.63799999999,71190.32298056324,70527.73240000001,70740.22627500977,70264.61209876543,70436.45409068017,248.49907448497083,44.35222373705698,51.937288,25.307086557622007,172.79482090962026,44.306757806674945,59.499708999999996,31.474116216841264,292.62449423697086,63.35381462254404,71.5809715,51.80260123840879,71845.88698847394,70675.38901152604,71211.91,37.74411,0.0005481018758546341,71172.9,57.41072,-0.004128702690170294,71467.97,50.5349,-0.004305279449584143,71776.99,90.74146,0.005280112784329605,71399.99,36.59957,-0.0012341893531548909
71277.38,71285.5,71165.19,71169.74,33.82046,True,2026-03-10 15:09:00,120.30999999999767,-107.63999999999942,-0.0015100164329855392,71259.978,71269.75240357948,71392.193,71306.91032775052,71286.94,71188.36269670007,70559.23939999999,70757.06995049959,70275.65024390245,70450.974603736,124.09589143037068,12.799715752459704,40.553087999999995,13.566965063306283,188.966319811731,38.84894239474476,59.29779599999999,31.64875780289229,255.54553043712326,60.611892485092284,72.555132,50.84378200880724,71798.03106087424,70775.84893912576,71277.37,23.25525,0.0009192282583065925,71211.91,37.74411,0.0005481018758546341,71172.9,57.41072,-0.004128702690170294,71467.97,50.5349,-0.004305279449584143,71776.99,90.74146,0.005280112784329605
71169.73,71299.53,71086.85,71281.52,44.67908,True,2026-03-10 15:10:00,212.67999999999302,111.79000000000815,0.0015706113300399949,71222.688,71273.67493571967,71371.636,71302.29390452315,71311.01599999999,71197.23482082388,70592.298,70777.63661910743,70287.7691566265,70467.42104722638,54.42845367914361,34.93820179335988,39.381924,12.715927784889836,188.6771493079338,42.80725817174151,50.907754999999995,20.343223519167886,228.50689056539383,59.89145528796002,71.8867075,51.131606408263536,71768.02978113078,70854.0022188692,71169.74,33.82046,-0.0015100164329855392,71277.37,23.25525,0.0009192282583065925,71211.91,37.74411,0.0005481018758546341,71172.9,57.41072,-0.004128702690170294,71467.97,50.5349,-0.004305279449584143
71281.52,71296.48,71216.36,71276.39,31.4591,True,2026-03-10 15:11:00,80.11999999999534,-5.130000000004657,-7.196816229515512e-05,71243.38600000001,71274.57995714644,71352.3,71297.58410370075,71330.949,71204.77340931684,70623.17,70797.19557522087,70299.53845238095,70483.44023441002,50.2813338118668,65.72748548676437,34.1916,7.902778253921451,187.40871395568868,43.176171654432515,48.027066000000005,20.902712785675604,204.88871099638448,58.44110746923475,71.871147,51.14450300303147,71740.72642199276,70921.17157800723,71281.52,44.67908,0.0015706113300399949,71169.74,33.82046,-0.0015100164329855392,71277.37,23.25525,0.0009192282583065925,71211.91,37.74411,0.0005481018758546341,71172.9,57.41072,-0.004128702690170294
71276.39,71285.85,71180.98,71208.63,26.61064,True,2026-03-10 15:12:00,104.8700000000099,-67.75999999999476,-0.0009506654307267492,71242.73000000001,71252.59663809763,71324.341,71281.41063030061,71350.666,71205.14070366761,70652.30219999999,70813.33025854555,70310.23364705883,70497.80042778804,50.813234987554075,49.54159212880157,31.964905999999996,8.213942611437211,185.72620239025125,40.46477364963961,43.285529,19.692658244123663,168.25083212141905,58.33439008513224,72.401515,50.58661810128179,71687.16766424284,71014.16433575716,71276.39,31.4591,-7.196816229515512e-05,71281.52,44.67908,0.0015706113300399949,71169.74,33.82046,-0.0015100164329855392,71277.37,23.25525,0.0009192282583065925,71211.91,37.74411,0.0005481018758546341
71208.63,71254.36,71108.59,71171.57,48.89338,True,2026-03-10 15:13:00,145.77000000000407,-37.05999999999767,-0.0005204425362487219,71221.57,71225.58775873177,71301.499,71261.4396066096,71353.43950000001,71201.9434937945,70679.8486,70827.37887585748,70320.24918604651,70511.142399515,54.664950836000465,33.93854748603461,37.092532,9.342480870289407,189.39865008575305,41.92816554999581,44.51491,19.612465613978994,164.59820784604258,51.32009195664906,67.22626650000001,47.14958700940949,71682.6359156921,71024.24308430792,71208.63,26.61064,-0.0009506654307267492,71276.39,31.4591,-7.196816229515512e-05,71281.52,44.67908,0.0015706113300399949,71169.74,33.82046,-0.0015100164329855392,71277.37,23.25525,0.0009192282583065925
71171.57,71244.0,71171.55,71198.89,31.16692,True,2026-03-10 15:14:00,72.44999999999709,27.319999999992433,0.0003838611400590608,71227.4,71216.68850582119,71243.689,71250.0669508624,71356.64600000001,71201.65268486169,70709.311,70841.94793954934,70330.34850574713,70524.76116388103,49.01815071891256,55.85223850632313,36.561824,9.645283338787076,90.59285763407921,22.865269798354788,38.557455999999995,11.29504118162781,160.69225604133976,51.51992036593761,64.1015495,47.375753297752084,71678.03051208268,71035.26148791733,71171.57,48.89338,-0.0005204425362487219,71208.63,26.61064,-0.0009506654307267492,71276.39,31.4591,-7.196816229515512e-05,71281.52,44.67908,0.0015706113300399949,71169.74,33.82046,-0.0015100164329855392
71198.88,71198.88,71013.77,71022.27,37.57426,True,2026-03-10 15:15:00,185.11000000000058,-176.61000000000058,-0.00248065665068653,71175.55,71151.88233721413,71199.11899999999,71208.64932343287,71346.069,71184.56861963676,70733.567,70849.01939290036,70338.21125,70534.6128240022,93.96587997729388,8.703686004649313,35.140859999999996,8.61924374553845,76.53840741658385,26.110587024569824,37.261392,10.48231997398123,175.4841707933316,45.16418101517,63.087655000000005,47.73218072748443,71697.03734158666,70995.10065841334,71198.89,31.16692,0.0003838611400590608,71171.57,48.89338,-0.0005204425362487219,71208.63,26.61064,-0.0009506654307267492,71276.39,31.4591,-7.196816229515512e-05,71281.52,44.67908,0.0015706113300399949
71022.28,71103.08,70975.56,71090.06,42.4106,True,2026-03-10 15:16:00,127.52000000000407,67.77999999999884,0.000954489345384113,71138.284,71131.27489147609,71190.835,71187.08762826325,71328.9755,71175.56779871897,70758.6946,70858.4719657278,70346.65898876404,70545.61177798234,79.86614914913235,25.258265834548567,37.33116,8.838440805651384,83.82742407855211,44.129485798514644,35.76138,8.07554506248871,183.16284553375542,41.68963824025586,53.8192265,27.980284991879397,71695.30119106751,70962.64980893249,71022.27,37.57426,-0.00248065665068653,71198.89,31.16692,0.0003838611400590608,71171.57,48.89338,-0.0005204425362487219,71208.63,26.61064,-0.0009506654307267492,71276.39,31.4591,-7.196816229515512e-05
71090.05,71247.26,71085.62,71201.9,24.64711,True,2026-03-10 15:17:00,161.63999999999942,111.84999999999127,0.00157321572101643,71136.938,71154.8165943174,71189.834,71189.78078676084,71313.17150000001,71178.0756274124,70786.8918,70871.9397317777,70356.16166666667,70558.60758435894,78.42796739627582,49.20000950954391,36.938454,9.455905943112143,83.60727761970728,49.35700612803287,34.451679999999996,8.751967975430004,179.5981017741099,42.41170030921674,50.340874,27.001280303605938,71672.36770354823,70953.9752964518,71090.06,42.4106,0.000954489345384113,71022.27,37.57426,-0.00248065665068653,71198.89,31.16692,0.0003838611400590608,71171.57,48.89338,-0.0005204425362487219,71208.63,26.61064,-0.0009506654307267492
71201.91,71230.02,71156.0,71177.84,20.68249,True,2026-03-10 15:18:00,74.02000000000407,-24.070000000006985,-0.00033791233099111917,71138.192,71162.49106287827,71179.88100000001,71187.6097346225,71300.9405,71178.05318670646,70813.4906,70883.9358207276,70365.1910989011,70570.86961239143,79.16678577478667,50.76907980276107,31.296276,8.941782202186213,77.74765054600708,43.24753388784081,34.194404000000006,9.14659092592554,180.09248742278456,43.9186165610919,46.8470565,26.026619329258224,71661.12547484557,70940.75552515443,71201.9,24.64711,0.00157321572101643,71090.06,42.4106,0.000954489345384113,71022.27,37.57426,-0.00248065665068653,71198.89,31.16692,0.0003838611400590608,71171.57,48.89338,-0.0005204425362487219
71177.83,71216.0,71162.39,71205.5,23.22068,True,2026-03-10 15:19:00,53.61000000000058,27.669999999998254,0.0003886040936336155,71139.514,71176.82737525218,71183.45700000001,71190.86251014569,71287.825,71180.66716892489,70841.6146,70896.54618069906,70374.32489130435,70583.43655075991,80.4781043508783,50.810108586415765,29.707028,9.648728511548775,78.05118691446778,52.721378344646745,33.134426000000005,9.786546211816677,176.82222840459596,43.42096682768753,46.216111,26.45690921975418,71641.4694568092,70934.1805431908,71177.84,20.68249,-0.00033791233099111917,71201.9,24.64711,0.00157321572101643,71090.06,42.4106,0.000954489345384113,71022.27,37.57426,-0.00248065665068653,71198.89,31.16692,0.0003838611400590608
71205.49,71301.79,71183.84,71288.6,21.259,True,2026-03-10 15:20:00,117.94999999999709,83.11000000000058,0.0011670446805374102,71192.78,71214.08491683479,71184.16500000001,71208.63296284647,71277.9005,71190.94648617014,70867.9466,70911.92084027949,70384.15580645161,70597.40018341814,71.06519401160455,92.34854507870952,26.443976000000003,9.064079428322248,79.06507576309455,50.5633892478596,30.792417999999998,9.51539730463403,170.50699246293695,45.17607602012315,40.8500865,18.584996317432534,71618.91448492587,70936.88651507413,71205.5,23.22068,0.0003886040936336155,71177.84,20.68249,-0.00033791233099111917,71201.9,24.64711,0.00157321572101643,71090.06,42.4106,0.000954489345384113,71022.27,37.57426,-0.00248065665068653
71288.6,71288.6,71184.13,71205.05,13.34344,True,2026-03-10 15:21:00,104.47000000000116,-83.55000000000291,-0.001171996644624862,71215.778,71211.07327788987,71177.031,71207.9815150562,71264.6655,71192.28967796346,70895.3216,70923.41610144501,70392.88872340425,70609.43285305343,42.29557210755337,67.41164713364267,20.630544,4.368671049888644,72.78840634852244,44.953025072160386,28.980852,10.98529182041519,165.01638121177245,43.76754129857411,38.503959,18.96283301381965,71594.69826242355,70934.63273757645,71288.6,21.259,0.0011670446805374102,71205.5,23.22068,0.0003886040936336155,71177.84,20.68249,-0.00033791233099111917,71201.9,24.64711,0.00157321572101643,71090.06,42.4106,0.000954489345384113
71205.06,71205.06,71064.52,71146.0,38.47335,True,2026-03-10 15:22:00,140.5399999999936,-59.05999999999767,-0.0008292951131977366,71204.598,71189.38218525992,71170.768,71196.71214868235,71247.5545,71187.88113720504,70921.843,70932.1448817805,70400.81621052632,70620.05794507217,52.93172507963453,39.925023430179586,23.395792,9.224167821303714,72.46113391852212,45.51393166678564,30.167123000000004,11.335818119364333,158.2181830152562,42.0933950668625,36.726326,17.025023271180725,71563.99086603051,70931.11813396949,71205.05,13.34344,-0.001171996644624862,71288.6,21.259,0.0011670446805374102,71205.5,23.22068,0.0003886040936336155,71177.84,20.68249,-0.00033791233099111917,71201.9,24.64711,0.00157321572101643
71146.01,71261.39,71146.01,71261.12,17.89465,True,2026-03-10 15:23:00,115.38000000000466,115.11000000000058,0.001618081128946125,71221.254,71213.29479017328,71179.723,71208.42266710373,71240.611,71194.85626699503,70948.4316,70945.04586680872,70409.77770833333,70632.75224318956,55.44976176598663,61.300477637863175,22.838224000000004,9.509038242248002,77.90055185143054,55.76915643400999,27.06725,9.777273637609065,154.17182358813386,46.83094252474839,35.79108,17.53837774196285,71548.95464717627,70932.26735282374,71146.0,38.47335,-0.0008292951131977366,71205.05,13.34344,-0.001171996644624862,71288.6,21.259,0.0011670446805374102,71205.5,23.22068,0.0003886040936336155,71177.84,20.68249,-0.00033791233099111917
71261.11,71280.0,71236.26,71279.99,27.66699,True,2026-03-10 15:24:00,43.74000000000524,18.880000000004657,0.0002648007777594774,71236.152,71235.5265267822,71187.83300000001,71221.43490944851,71215.761,71202.96424156694,70974.7258,70958.18093085544,70418.74896907217,70645.56883243333,59.98058327412069,60.35474992354552,23.727486,9.758381104693282,84.09309669699614,55.28228642888814,26.717257,9.676335170693365,89.76809202820334,36.44224998636036,32.6373565,11.902755807552863,71395.2971840564,71036.2248159436,71261.12,17.89465,0.001618081128946125,71146.0,38.47335,-0.0008292951131977366,71205.05,13.34344,-0.001171996644624862,71288.6,21.259,0.0011670446805374102,71205.5,23.22068,0.0003886040936336155
71279.99,71409.06,71244.0,71409.06,22.83349,True,2026-03-10 15:25:00,165.05999999999767,129.06999999999243,0.0018107466064458677,71260.24399999999,71293.3710178548,71226.512,71255.54856227605,71212.8155,71222.59240903676,71004.0692,70975.86246297875,70428.85418367347,70660.68746941484,98.27886715821126,64.84740916037947,24.042384000000002,9.683930104837852,88.3267094112632,76.85631361875222,25.243180000000002,8.932856100246285,81.65701726260754,48.21803442330366,31.252286000000005,11.307337277152714,71376.12953452521,71049.50146547478,71279.99,27.66699,0.0002648007777594774,71261.12,17.89465,0.001618081128946125,71146.0,38.47335,-0.0008292951131977366,71205.05,13.34344,-0.001171996644624862,71288.6,21.259,0.0011670446805374102
71409.07,71454.81,71240.0,71240.0,33.85941,True,2026-03-10 15:26:00,214.80999999999767,-169.07000000000698,-0.0023674867026676205,71267.234,71275.58067856988,71241.506,71252.72155095312,71216.1705,71224.25027484278,71030.2634,70986.2207977639,70437.04757575758,70672.15900467396,94.54375219918428,53.55783130077134,28.145578,8.258928514990577,74.18374023612628,59.127322311232405,24.388061,7.3814338255160665,81.30842200706171,52.197204867251074,30.0747205,9.525759717650027,71378.78734401411,71053.55365598587,71409.06,22.83349,0.0018107466064458677,71279.99,27.66699,0.0002648007777594774,71261.12,17.89465,0.001618081128946125,71146.0,38.47335,-0.0008292951131977366,71205.05,13.34344,-0.001171996644624862
71240.01,71320.0,71218.0,71300.42,24.80024,True,2026-03-10 15:27:00,102.0,60.41000000000349,0.0008481190342504163,71298.11799999999,71283.86045237991,71251.35800000001,71261.39399623437,71220.59599999999,71231.50453438156,71057.1258,70998.5423351065,70445.6813,70684.59981646259,65.93292970814004,65.67588419214687,25.410956,5.915598560136132,74.87816100453121,56.39773494727021,24.403374,7.382189739487907,83.44498839648222,52.858203894468204,29.427526999999998,9.41634996466253,71387.48597679296,71053.70602320702,71240.0,33.85941,-0.0023674867026676205,71409.06,22.83349,0.0018107466064458677,71279.99,27.66699,0.0002648007777594774,71261.12,17.89465,0.001618081128946125,71146.0,38.47335,-0.0008292951131977366
71300.42,71370.78,71298.39,71368.18,12.22759,True,2026-03-10 15:28:00,72.38999999999942,67.75999999999476,0.0009503450330305974,71319.53,71311.96696825328,71270.39199999999,71280.80963328267,71225.1365,71244.52124539284,71083.9308,71013.0379298082,70458.2654,70698.13605772075,68.25699231504913,62.02434970124437,24.277544,7.919286500284277,78.23057285200441,61.69653172086595,23.557884,8.284702992197959,88.98364215620619,52.92812691451971,28.876144000000004,10.0951933629417,71403.1037843124,71047.16921568758,71300.42,24.80024,0.0008481190342504163,71240.0,33.85941,-0.0023674867026676205,71409.06,22.83349,0.0018107466064458677,71279.99,27.66699,0.0002648007777594774,71261.12,17.89465,0.001618081128946125
71368.17,71395.99,71340.5,71348.01,15.07557,True,2026-03-10 15:29:00,55.49000000000524,-20.160000000003492,-0.0002826189486686559,71333.13399999999,71323.98131216885,71284.643,71293.02788177672,71234.05,71254.3773172602,71107.3434,71026.17408942357,70470.076,70711.00484865697,65.11225445256628,57.61736247984147,21.75926,8.548970763794024,78.07608469290777,58.83870647630122,22.743373,8.710966240487227,92.01939097743232,56.0918267620744,27.9388995,10.474999531803723,71418.08878195487,71050.01121804514,71368.18,12.22759,0.0009503450330305974,71300.42,24.80024,0.0008481190342504163,71240.0,33.85941,-0.0023674867026676205,71409.06,22.83349,0.0018107466064458677,71279.99,27.66699,0.0002648007777594774
71348.01,71474.69,71332.0,71423.2,23.33204,True,2026-03-10 15:30:00,142.69000000000233,75.19000000000233,0.0010538485936748554,71335.962,71357.05420811256,71298.103,71316.6955396355,71241.13399999999,71270.45566799732,71127.7256,71041.74373297559,70482.49359999999,70725.10772294099,69.40021916316705,51.80081507896073,21.85897,8.567519490725129,89.58766247447102,58.43083707062812,22.950677000000002,8.696370965560378,100.89193240954054,54.96565260058865,26.871547500000002,9.741369713688426,71442.91786481907,71039.35013518091,71348.01,15.07557,-0.0002826189486686559,71368.18,12.22759,0.0009503450330305974,71300.42,24.80024,0.0008481190342504163,71240.0,33.85941,-0.0023674867026676205,71409.06,22.83349,0.0018107466064458677
